,company_name,date,low,open,volume,high,close,adjusted_close
0,Apple,2022-01-14,171.09,171.34,80440800,173.78,173.07,172.6
1,Sherwin-Williams,2022-01-14,304.0,310.24,2622700,313.45,308.46,307.03
2,Costco,2022-01-14,501.86,511.57,3872500,512.98,502.99,501.41
3,Amazon,2022-01-14,159.8,160.15,45974000,162.25,162.14,162.14
4,United Health Group,2022-01-14,465.08,469.89,3665400,473.17,468.69,468.69
5,Netflix,2022-01-14,511.88,517.6,7861100,538.37,525.69,525.69
6,FedEx,2022-01-14,253.26,254.59,1393600,256.66,256.22,254.06
7,DTE Energy,2022-01-14,118.2,119.67,690300,119.74,119.38,117.67
8,Bank of America,2022-01-14,47.19,47.52,72953300,48.23,47.91,47.4
9,Marathon Oil Corp,2022-01-14,18.66,18.72,17997300,19.5,19.47,19.35
10,American Tower Corp,2022-01-14,246.09,253.64,2549900,254.2,250.62,247.81
11,Netflix,2022-01-18,508.68,520.08,4839100,521.75,510.8,510.8
12,Bank of America,2022-01-18,46.05,47.85,65877400,47.92,46.26,45.77
13,Costco,2022-01-18,486.86,494.46,3801900,495.08,488.07,486.54
14,Apple,2022-01-18,169.41,171.51,90956700,172.54,169.8,169.34
15,Marathon Oil Corp,2022-01-18,19.1,19.81,26533500,20.01,19.43,19.31
16,FedEx,2022-01-18,250.25,252.66,1918700,254.24,253.33,251.2
17,Amazon,2022-01-18,157.66,159.1,67292000,159.73,158.92,158.92
18,American Tower Corp,2022-01-18,247.78,248.63,2523600,250.97,250.23,247.43
19,United Health Group,2022-01-18,458.35,465.17,3938800,465.71,460.99,460.99
20,DTE Energy,2022-01-18,117.14,118.64,868200,119.14,118.38,116.69
21,Sherwin-Williams,2022-01-18,297.78,300.71,2738200,306.95,306.22,304.8
22,Apple,2022-01-19,165.94,170.0,94815000,171.08,166.23,165.77
23,American Tower Corp,2022-01-19,248.08,251.21,2200000,253.26,249.0,246.21
24,DTE Energy,2022-01-19,117.89,118.56,543600,119.59,118.67,116.97
25,Costco,2022-01-19,487.1,489.89,2709400,496.24,490.16,488.62
26,Sherwin-Williams,2022-01-19,303.57,306.66,1859800,309.2,303.79,302.39
27,United Health Group,2022-01-19,461.51,468.0,4030900,475.49,462.52,462.52
28,FedEx,2022-01-19,252.18,253.33,1302800,255.81,252.19,250.07
29,Marathon Oil Corp,2022-01-19,18.92,19.7,17325300,19.72,19.1,18.98
30,Netflix,2022-01-19,510.51,515.0,4353500,523.21,515.86,515.86
31,Amazon,2022-01-19,156.25,158.76,53242000,159.25,156.3,156.3
32,Bank of America,2022-01-19,46.35,48.39,84451800,48.58,46.44,45.95
33,Amazon,2022-01-20,151.35,156.77,71974000,158.0,151.67,151.67
34,American Tower Corp,2022-01-20,245.54,249.89,2120900,252.86,245.94,243.18
35,Apple,2022-01-20,164.18,166.98,91420500,169.68,164.51,164.06
36,Netflix,2022-01-20,506.93,517.75,12659000,526.64,508.25,508.25
37,FedEx,2022-01-20,250.64,253.72,1671600,256.0,250.74,248.63
38,Costco,2022-01-20,481.84,490.75,2893700,499.88,482.82,481.31
39,Bank of America,2022-01-20,45.66,46.69,46265300,47.05,45.75,45.27
40,DTE Energy,2022-01-20,118.09,118.98,714300,120.23,118.36,116.67
41,Sherwin-Williams,2022-01-20,296.75,305.32,1501300,307.57,297.66,296.28
42,Marathon Oil Corp,2022-01-20,18.66,18.82,17616700,19.52,18.68,18.57
43,United Health Group,2022-01-20,462.0,464.38,3228600,471.63,463.0,463.0
44,Netflix,2022-01-21,379.99,400.43,58904300,409.15,397.5,397.5
45,Bank of America,2022-01-21,44.66,45.57,71303600,46.02,44.92,44.45
46,Costco,2022-01-21,481.32,481.92,3295600,494.61,481.61,480.1
47,Marathon Oil Corp,2022-01-21,17.75,18.45,18710900,18.5,18.1,17.99
48,United Health Group,2022-01-21,461.07,463.5,4273200,470.79,461.17,461.17
49,Sherwin-Williams,2022-01-21,292.76,297.66,2124900,301.85,292.85,291.5
50,FedEx,2022-01-21,243.94,249.63,3063600,249.99,244.91,242.85
51,Apple,2022-01-21,162.3,164.42,122848900,166.33,162.41,161.97
52,DTE Energy,2022-01-21,118.31,118.95,746500,120.09,118.46,116.77
53,American Tower Corp,2022-01-21,243.76,249.73,3504900,250.78,244.76,242.02
54,Amazon,2022-01-21,142.07,149.95,163972000,150.9,142.64,142.64
55,Apple,2022-01-24,154.7,160.02,162294600,162.3,161.62,161.18
56,FedEx,2022-01-24,236.85,239.56,3051500,245.95,245.72,243.65
57,DTE Energy,2022-01-24,113.82,118.0,1227000,118.86,116.88,115.21
58,Bank of America,2022-01-24,42.59,43.9,90672700,44.69,44.55,44.08
59,Marathon Oil Corp,2022-01-24,17.02,17.52,18578400,18.4,18.3,18.19
60,Amazon,2022-01-24,135.35,139.0,155624000,144.95,144.54,144.54
61,United Health Group,2022-01-24,448.13,458.07,4780700,464.14,462.27,462.27
62,Sherwin-Williams,2022-01-24,284.9,287.25,2987300,299.64,298.52,297.14
63,Netflix,2022-01-24,351.46,383.91,32346000,387.26,387.15,387.15
64,Costco,2022-01-24,469.01,475.55,4412600,489.97,488.9,487.37
65,American Tower Corp,2022-01-24,239.0,241.31,2708800,249.33,248.4,245.62
66,FedEx,2022-01-25,239.01,241.74,2032200,246.74,244.04,241.99
67,Bank of America,2022-01-25,43.83,44.29,73555300,45.57,45.43,44.95
68,Netflix,2022-01-25,365.13,379.14,15145800,387.71,366.42,366.42
69,Costco,2022-01-25,472.37,479.9,3076800,482.64,477.32,475.82
70,Apple,2022-01-25,157.02,158.98,115798400,162.76,159.78,159.34
71,Sherwin-Williams,2022-01-25,290.52,294.51,2908000,298.95,294.26,292.9
72,Amazon,2022-01-25,138.15,142.24,90824000,143.6,139.99,139.99
73,Marathon Oil Corp,2022-01-25,17.85,18.2,23109100,19.62,19.5,19.38
74,DTE Energy,2022-01-25,115.46,115.46,1450100,118.46,117.63,115.95
75,United Health Group,2022-01-25,447.27,454.07,3428900,459.49,456.84,456.84
76,American Tower Corp,2022-01-25,245.39,245.79,2065700,252.4,250.53,247.72
77,Sherwin-Williams,2022-01-26,291.72,295.0,3524100,299.99,292.75,291.4
78,Apple,2022-01-26,157.82,163.5,108275300,164.39,159.69,159.25
79,FedEx,2022-01-26,241.22,245.81,2010800,248.25,243.16,241.11
80,American Tower Corp,2022-01-26,240.4,250.63,2325000,254.37,242.6,239.88
81,Marathon Oil Corp,2022-01-26,19.37,19.87,25351700,20.26,19.61,19.49
82,Netflix,2022-01-26,356.62,378.27,12684000,382.66,359.7,359.7
83,United Health Group,2022-01-26,453.45,458.45,4435900,463.88,458.43,458.43
84,Costco,2022-01-26,478.77,483.23,3074900,493.87,483.47,481.95
85,Bank of America,2022-01-26,45.26,45.78,63735800,46.46,45.9,45.42
86,DTE Energy,2022-01-26,117.03,117.52,1400700,119.28,118.18,116.49
87,Amazon,2022-01-26,137.32,144.75,95602000,145.18,138.87,138.87
88,American Tower Corp,2022-01-27,235.22,241.55,2722300,245.05,236.43,233.78
89,Bank of America,2022-01-27,45.09,46.37,63402400,46.75,45.47,44.99
90,Apple,2022-01-27,158.28,162.45,121954600,163.84,159.22,158.78
91,DTE Energy,2022-01-27,118.79,119.01,1373400,120.93,119.81,118.1
92,Marathon Oil Corp,2022-01-27,19.39,20.1,22988200,20.58,19.85,19.73
93,Netflix,2022-01-27,378.1,382.06,24324700,394.8,386.7,386.7
94,Sherwin-Williams,2022-01-27,279.81,290.28,3374500,294.94,283.17,281.86
95,Amazon,2022-01-27,139.35,140.8,77516000,144.24,139.64,139.64
96,United Health Group,2022-01-27,457.01,458.08,3508100,468.68,461.6,461.6
97,FedEx,2022-01-27,239.68,245.25,1865700,247.64,241.93,239.89
98,Costco,2022-01-27,480.31,486.92,2372300,495.79,482.52,481.01
99,Sherwin-Williams,2022-01-28,273.78,282.38,2316800,287.85,287.7,286.37
100,United Health Group,2022-01-28,455.08,461.4,3364400,466.28,466.06,466.06
101,Costco,2022-01-28,475.9,483.74,1918500,492.73,492.43,490.89
102,American Tower Corp,2022-01-28,233.67,237.57,2106700,246.85,246.77,244.0
103,Netflix,2022-01-28,372.08,386.76,11966600,387.0,384.36,384.36
104,FedEx,2022-01-28,239.13,241.14,2287600,244.91,244.78,242.72
105,Marathon Oil Corp,2022-01-28,19.34,19.97,18523100,20.12,19.84,19.72
106,Bank of America,2022-01-28,44.45,45.33,51048300,45.89,45.87,45.39
107,Amazon,2022-01-28,137.93,140.86,74392000,144.0,143.98,143.98
108,Apple,2022-01-28,162.8,165.71,179935700,170.35,170.33,169.86
109,DTE Energy,2022-01-28,118.61,119.41,879500,120.26,120.24,118.52
110,Costco,2022-01-31,490.63,492.0,2480700,506.42,505.13,503.55
111,Apple,2022-01-31,169.51,170.16,115541600,175.0,174.78,174.3
112,Sherwin-Williams,2022-01-31,283.2,287.0,2498700,288.9,286.51,285.19
113,Netflix,2022-01-31,398.2,401.97,20047500,427.7,427.14,427.14
114,Marathon Oil Corp,2022-01-31,19.11,19.82,16405800,19.83,19.47,19.35
115,FedEx,2022-01-31,241.0,244.03,3395900,246.16,245.86,243.79
116,American Tower Corp,2022-01-31,244.98,245.91,2665000,251.68,251.5,248.68
117,DTE Energy,2022-01-31,119.22,119.38,1117400,120.54,120.43,118.71
118,United Health Group,2022-01-31,464.4,465.0,3500500,473.18,472.57,472.57
119,Bank of America,2022-01-31,45.22,45.52,44793700,46.27,46.14,45.65
120,Amazon,2022-01-31,144.3,144.75,78308000,150.36,149.57,149.57
121,FedEx,2022-02-01,251.3,254.78,4598800,256.49,252.0,249.88
122,Costco,2022-02-01,496.94,505.0,2347200,509.68,508.41,506.82
123,Amazon,2022-02-01,147.63,150.0,59220000,151.71,151.19,151.19
124,Bank of America,2022-02-01,45.9,46.21,40326600,47.1,46.94,46.44
125,Marathon Oil Corp,2022-02-01,19.27,19.35,23226400,20.68,20.65,20.52
126,DTE Energy,2022-02-01,117.19,119.61,986400,120.24,118.48,116.79
127,Apple,2022-02-01,172.31,174.01,86213900,174.84,174.61,174.13
128,Sherwin-Williams,2022-02-01,284.69,288.73,2221000,294.3,293.09,291.74
129,American Tower Corp,2022-02-01,247.59,251.07,1665800,252.45,250.15,247.35
130,Netflix,2022-02-01,425.54,432.96,22568100,458.48,457.13,457.13
131,United Health Group,2022-02-01,462.75,475.0,3148600,475.0,468.41,468.41
132,Bank of America,2022-02-02,46.3,46.72,41125600,46.96,46.89,46.39
133,Amazon,2022-02-02,148.86,155.05,87330000,155.07,150.61,150.61
134,FedEx,2022-02-02,248.85,253.44,1746900,253.5,251.82,249.7
135,United Health Group,2022-02-02,469.06,469.06,3026800,481.98,479.78,479.78
136,Apple,2022-02-02,173.33,174.75,84914300,175.88,175.84,175.36
137,American Tower Corp,2022-02-02,251.55,251.88,1446000,254.47,252.34,249.51
138,Costco,2022-02-02,510.34,511.11,2547600,523.99,522.02,520.38
139,Sherwin-Williams,2022-02-02,290.17,293.7,1190100,295.75,294.32,292.96
140,Netflix,2022-02-02,426.48,448.25,14346000,451.98,429.48,429.48
141,DTE Energy,2022-02-02,117.81,118.11,1004900,120.74,120.23,118.51
142,Marathon Oil Corp,2022-02-02,20.34,20.51,16564700,21.0,20.97,20.84
143,DTE Energy,2022-02-03,119.57,120.32,871800,121.39,120.06,118.34
144,Sherwin-Williams,2022-02-03,287.4,291.51,998800,294.08,287.83,286.5
145,Marathon Oil Corp,2022-02-03,20.45,20.7,15075300,21.07,20.84,20.71
146,Apple,2022-02-03,172.12,174.48,89418100,176.24,172.9,172.43
147,Amazon,2022-02-03,138.33,141.74,225532000,144.25,138.85,138.85
148,Bank of America,2022-02-03,46.35,47.22,35879900,47.29,46.43,45.94
149,American Tower Corp,2022-02-03,249.86,250.9,1367300,252.69,250.7,247.89
150,Costco,2022-02-03,514.21,515.88,2665100,526.44,521.77,520.92
151,United Health Group,2022-02-03,483.57,498.65,4370900,500.18,488.77,488.77
152,FedEx,2022-02-03,247.06,249.88,1803300,251.38,247.32,245.24
153,Netflix,2022-02-03,404.28,421.44,9905200,429.26,405.6,405.6
154,Amazon,2022-02-04,150.61,155.61,253456000,161.2,157.64,157.64
155,Costco,2022-02-04,510.8,518.11,2387400,522.0,519.77,518.93
156,DTE Energy,2022-02-04,118.92,119.42,949000,120.51,120.0,118.28
157,Netflix,2022-02-04,396.64,407.31,7789800,412.77,410.17,410.17
158,FedEx,2022-02-04,242.04,246.24,2142000,247.07,244.11,242.06
159,Apple,2022-02-04,170.68,171.68,82465400,174.1,172.39,172.14
160,Bank of America,2022-02-04,46.68,47.08,60297100,48.69,48.28,47.77
161,Sherwin-Williams,2022-02-04,280.61,286.02,1459700,286.1,281.73,280.43
162,United Health Group,2022-02-04,480.19,481.75,3066400,489.63,483.17,483.17
163,American Tower Corp,2022-02-04,245.05,248.16,1275900,250.0,246.43,243.67
164,Marathon Oil Corp,2022-02-04,21.12,21.18,24794000,22.0,21.5,21.37
165,Costco,2022-02-07,514.23,521.3,1863600,522.0,515.89,515.05
166,Marathon Oil Corp,2022-02-07,20.98,21.39,17712500,22.01,21.61,21.48
167,Apple,2022-02-07,170.95,172.86,77251200,173.95,171.66,171.41
168,Netflix,2022-02-07,393.55,410.17,8232900,412.35,402.1,402.1
169,FedEx,2022-02-07,242.62,244.9,1622600,245.54,243.73,241.68
170,Sherwin-Williams,2022-02-07,279.22,282.15,1474900,282.68,279.22,277.93
171,Amazon,2022-02-07,157.25,158.52,102624000,162.69,157.94,157.94
172,United Health Group,2022-02-07,481.3,484.91,2937200,487.26,483.7,483.7
173,Bank of America,2022-02-07,47.99,48.56,44824800,48.76,48.51,48.0
174,DTE Energy,2022-02-07,118.45,119.99,976700,119.99,119.6,117.89
175,American Tower Corp,2022-02-07,244.5,245.77,1171600,248.36,246.26,243.5
176,Amazon,2022-02-08,155.55,156.75,76040000,161.79,161.41,161.41
177,Apple,2022-02-08,171.43,171.73,74829200,175.35,174.83,174.57
178,American Tower Corp,2022-02-08,243.07,245.59,1303800,247.33,245.32,242.57
179,Costco,2022-02-08,510.5,515.89,1462000,523.39,521.15,520.3
180,United Health Group,2022-02-08,481.35,481.35,3534700,495.67,493.41,493.41
181,FedEx,2022-02-08,243.0,244.74,1983100,246.32,243.86,241.81
182,Sherwin-Williams,2022-02-08,277.98,280.1,1125900,281.0,279.67,278.38
183,Netflix,2022-02-08,395.83,398.18,6818500,406.61,403.53,403.53
184,Marathon Oil Corp,2022-02-08,20.79,21.45,17873600,21.57,21.11,20.98
185,DTE Energy,2022-02-08,119.45,120.41,617300,120.71,119.93,118.22
186,Bank of America,2022-02-08,48.94,49.15,49560500,50.02,49.38,48.86
187,Amazon,2022-02-09,160.25,162.87,68786000,163.83,161.19,161.19
188,Apple,2022-02-09,174.9,176.05,71285000,176.65,176.28,176.02
189,Marathon Oil Corp,2022-02-09,21.15,21.21,15944400,21.6,21.53,21.4
190,Netflix,2022-02-09,398.79,408.65,7738200,412.98,412.89,412.89
191,United Health Group,2022-02-09,496.29,497.0,2818100,500.93,498.1,498.1
192,Sherwin-Williams,2022-02-09,282.96,283.0,1086400,288.5,286.62,285.3
193,American Tower Corp,2022-02-09,246.73,248.15,1824700,250.46,249.89,247.09
194,Costco,2022-02-09,525.68,528.0,2256700,534.24,528.83,527.97
195,FedEx,2022-02-09,243.61,245.79,1729200,248.6,244.24,242.19
196,DTE Energy,2022-02-09,120.09,120.62,871400,121.19,120.52,118.8
197,Bank of America,2022-02-09,49.03,49.22,33861100,49.79,49.28,48.76
198,FedEx,2022-02-10,239.54,242.38,2614000,243.82,240.41,238.39
199,United Health Group,2022-02-10,485.07,492.24,2626100,494.22,486.72,486.72
200,American Tower Corp,2022-02-10,241.18,246.63,1453100,249.46,242.51,239.79
201,Marathon Oil Corp,2022-02-10,21.25,21.38,23382600,22.03,21.41,21.28
202,DTE Energy,2022-02-10,115.57,118.96,1847800,119.96,115.88,114.22
203,Sherwin-Williams,2022-02-10,278.51,283.18,1215200,285.42,279.93,278.64
204,Amazon,2022-02-10,157.75,158.35,68268000,160.72,159.0,159.0
205,Netflix,2022-02-10,396.36,402.1,8452900,408.0,406.27,406.27
206,Costco,2022-02-10,514.75,520.87,2558900,524.47,518.48,517.64
207,Bank of America,2022-02-10,48.76,49.68,47082800,50.11,49.05,48.53
208,Apple,2022-02-10,171.55,174.14,90865900,175.48,172.12,171.87
209,Costco,2022-02-11,507.38,518.4,2349700,521.35,509.67,508.84
210,Bank of America,2022-02-11,47.5,48.63,61056000,49.44,47.92,47.41
211,United Health Group,2022-02-11,476.44,484.68,2493800,490.43,478.13,478.13
212,Marathon Oil Corp,2022-02-11,21.36,21.58,24585800,22.28,22.21,22.07
213,Amazon,2022-02-11,152.73,158.13,77100000,159.0,153.29,153.29
214,Apple,2022-02-11,168.04,172.33,98670700,173.08,168.64,168.39
215,American Tower Corp,2022-02-11,235.49,242.96,2379600,244.95,236.9,234.24
216,FedEx,2022-02-11,231.23,240.05,4681000,240.5,232.21,230.26
217,DTE Energy,2022-02-11,115.99,116.45,821300,118.0,116.16,114.5
218,Netflix,2022-02-11,387.65,405.33,7558900,411.61,391.31,391.31
219,Sherwin-Williams,2022-02-11,272.2,278.94,1265100,279.93,273.1,271.84
220,Costco,2022-02-14,501.44,508.99,1749600,511.53,506.56,505.74
221,Apple,2022-02-14,166.56,167.37,86185500,169.58,168.88,168.63
222,DTE Energy,2022-02-14,115.62,116.78,1640100,117.72,116.05,114.39
223,United Health Group,2022-02-14,469.33,475.11,2549500,477.74,474.4,474.4
224,Amazon,2022-02-14,151.65,151.75,83230000,158.45,155.17,155.17
225,Netflix,2022-02-14,386.89,387.59,7202200,409.36,396.57,396.57
226,Marathon Oil Corp,2022-02-14,21.04,22.1,21401000,22.17,21.21,21.08
227,Bank of America,2022-02-14,46.94,48.02,44791900,48.19,47.42,46.92
228,FedEx,2022-02-14,226.97,231.33,2510300,232.22,228.46,226.54
229,American Tower Corp,2022-02-14,232.75,237.9,1810100,238.56,234.29,231.66
230,Sherwin-Williams,2022-02-14,269.18,273.54,1074700,274.65,270.48,269.23
231,United Health Group,2022-02-15,475.2,475.94,3001000,481.17,478.23,478.23
232,Marathon Oil Corp,2022-02-15,20.13,20.32,23029500,20.68,20.54,20.48
233,DTE Energy,2022-02-15,115.84,118.4,1597000,118.98,116.31,114.65
234,Apple,2022-02-15,170.25,170.97,62527400,172.95,172.79,172.54
235,Netflix,2022-02-15,401.01,403.79,5392300,409.16,407.46,407.46
236,Costco,2022-02-15,510.76,513.34,1984600,516.0,513.92,513.09
237,FedEx,2022-02-15,230.01,231.72,2617000,234.17,230.4,228.46
238,Bank of America,2022-02-15,47.57,48.0,42397600,48.37,47.79,47.29
239,Sherwin-Williams,2022-02-15,270.24,274.74,1166900,275.05,271.57,270.31
240,American Tower Corp,2022-02-15,232.28,237.06,1696300,237.15,233.39,230.77
241,Amazon,2022-02-15,154.64,157.61,56440000,158.01,156.51,156.51
242,FedEx,2022-02-16,224.42,229.0,2443600,230.39,229.01,227.08
243,Bank of America,2022-02-16,47.31,47.44,36664600,48.24,47.68,47.18
244,Costco,2022-02-16,501.71,511.49,1770800,514.55,512.4,511.57
245,DTE Energy,2022-02-16,115.08,116.25,1581400,117.11,116.49,114.82
246,Apple,2022-02-16,170.05,171.85,61177400,173.34,172.55,172.3
247,Sherwin-Williams,2022-02-16,266.88,271.86,924000,273.05,272.63,271.37
248,Amazon,2022-02-16,154.73,155.79,52704000,158.83,158.1,158.1
249,United Health Group,2022-02-16,471.4,475.5,2651800,481.73,480.05,480.05
250,American Tower Corp,2022-02-16,229.75,233.4,1275700,233.75,232.33,229.73
251,Marathon Oil Corp,2022-02-16,20.8,20.81,23016400,21.65,21.07,21.01
252,Netflix,2022-02-16,390.38,401.53,5277700,401.56,398.08,398.08
253,FedEx,2022-02-17,224.1,227.43,1415900,227.86,224.37,222.48
254,Apple,2022-02-17,168.47,171.03,69589300,171.91,168.88,168.63
255,Bank of America,2022-02-17,45.95,47.0,49442400,47.29,46.07,45.58
256,DTE Energy,2022-02-17,115.68,116.08,1821000,119.13,118.55,116.85
257,Netflix,2022-02-17,385.7,394.24,4669200,399.11,386.67,386.67
258,Amazon,2022-02-17,154.5,158.15,64032000,160.35,154.65,154.65
259,American Tower Corp,2022-02-17,227.76,232.01,1721100,232.51,228.67,226.11
260,Sherwin-Williams,2022-02-17,266.46,271.25,946100,273.06,267.22,265.98
261,United Health Group,2022-02-17,468.89,478.17,2403100,479.29,470.34,470.34
262,Marathon Oil Corp,2022-02-17,21.2,21.23,29767900,22.56,21.89,21.83
263,Costco,2022-02-17,507.03,509.64,2022800,518.21,515.01,514.17
264,Bank of America,2022-02-18,45.72,46.07,37856500,46.54,45.96,45.47
265,DTE Energy,2022-02-18,117.99,117.99,1840300,120.14,119.35,117.64
266,Apple,2022-02-18,166.19,169.82,82772700,170.54,167.3,167.05
267,Sherwin-Williams,2022-02-18,266.36,267.69,1317400,271.49,268.07,266.83
268,Marathon Oil Corp,2022-02-18,21.5,21.58,16955100,22.3,21.87,21.81
269,FedEx,2022-02-18,220.81,223.63,1658500,225.07,222.23,220.36
270,United Health Group,2022-02-18,466.83,470.25,2992300,474.92,467.81,467.81
271,American Tower Corp,2022-02-18,226.71,228.82,2705400,231.3,228.44,225.88
272,Netflix,2022-02-18,389.05,392.53,6801700,402.87,391.29,391.29
273,Amazon,2022-02-18,150.89,155.5,63604000,155.5,152.6,152.6
274,Costco,2022-02-18,510.33,514.89,2154700,517.9,512.67,511.84
275,Apple,2022-02-22,162.15,164.98,91162800,166.69,164.32,164.08
276,United Health Group,2022-02-22,457.82,463.83,3029800,467.19,462.51,462.51
277,Marathon Oil Corp,2022-02-22,21.15,23.18,27308400,23.18,21.6,21.54
278,Amazon,2022-02-22,148.49,150.48,66128000,152.98,150.2,150.2
279,DTE Energy,2022-02-22,117.84,119.72,977100,120.1,118.33,116.64
280,Sherwin-Williams,2022-02-22,259.13,265.86,2088600,266.72,261.58,260.37
281,American Tower Corp,2022-02-22,224.53,228.24,2521600,230.9,228.37,225.81
282,FedEx,2022-02-22,216.33,220.15,2521400,221.65,217.79,215.96
283,Costco,2022-02-22,498.16,510.0,2451800,514.58,502.18,501.36
284,Bank of America,2022-02-22,45.04,45.17,51905600,45.98,45.56,45.08
285,Netflix,2022-02-22,373.02,388.95,6697500,392.42,377.38,377.38
286,Bank of America,2022-02-23,44.57,45.95,45704900,46.11,44.78,44.31
287,United Health Group,2022-02-23,458.84,467.19,2840300,467.72,459.62,459.62
288,Netflix,2022-02-23,366.66,382.72,4614300,386.0,367.46,367.46
289,Sherwin-Williams,2022-02-23,259.15,262.9,2101400,264.1,259.4,258.2
290,Apple,2022-02-23,159.75,165.54,90009200,166.15,160.07,159.84
291,FedEx,2022-02-23,214.75,218.68,2253300,220.04,214.84,213.03
292,American Tower Corp,2022-02-23,226.73,229.89,1934000,231.45,227.45,224.9
293,DTE Energy,2022-02-23,117.06,118.38,989000,118.99,117.26,115.58
294,Marathon Oil Corp,2022-02-23,21.57,22.01,16253100,22.37,21.74,21.68
295,Costco,2022-02-23,494.78,502.94,2021400,507.97,495.26,494.46
296,Amazon,2022-02-23,144.65,151.65,64244000,151.76,144.83,144.83
297,DTE Energy,2022-02-24,114.91,116.52,1850100,118.2,117.74,116.06
298,American Tower Corp,2022-02-24,220.0,221.81,2699700,232.62,231.75,229.15
299,Apple,2022-02-24,152.0,152.58,141147500,162.85,162.74,162.5
300,Bank of America,2022-02-24,42.05,43.0,80484800,43.68,43.6,43.14
301,Costco,2022-02-24,482.98,483.27,2859800,506.55,505.58,504.76
302,Sherwin-Williams,2022-02-24,251.43,253.52,2010200,259.58,258.94,257.74
303,FedEx,2022-02-24,206.31,208.0,3002400,216.57,215.92,214.1
304,Netflix,2022-02-24,354.72,355.09,7068700,390.73,390.03,390.03
305,Marathon Oil Corp,2022-02-24,20.74,22.43,25533000,22.5,21.43,21.37
306,Amazon,2022-02-24,139.5,139.84,100786000,151.75,151.36,151.36
307,United Health Group,2022-02-24,445.74,449.52,3933000,456.59,455.89,455.89
308,DTE Energy,2022-02-25,119.05,119.31,1390300,121.99,121.95,120.21
309,American Tower Corp,2022-02-25,226.79,231.7,2309500,234.45,233.66,231.04
310,Marathon Oil Corp,2022-02-25,21.31,21.62,19569400,21.98,21.88,21.82
311,Sherwin-Williams,2022-02-25,259.16,259.55,1423800,267.39,267.27,266.65
312,United Health Group,2022-02-25,456.23,456.65,3314400,475.78,475.75,475.75
313,Amazon,2022-02-25,149.21,150.55,62396000,153.99,153.79,153.79
314,Apple,2022-02-25,160.87,163.84,91974200,165.12,164.85,164.61
315,FedEx,2022-02-25,216.16,216.54,1963900,222.64,220.72,218.86
316,Costco,2022-02-25,505.25,508.58,2003000,518.25,517.49,516.65
317,Netflix,2022-02-25,375.58,386.61,4841600,391.29,390.8,390.8
318,Bank of America,2022-02-25,43.63,43.81,68530700,45.35,45.02,44.54
319,American Tower Corp,2022-02-28,223.4,231.15,3690400,231.4,226.87,224.33
320,Bank of America,2022-02-28,43.44,43.72,69955300,44.26,44.2,43.73
321,United Health Group,2022-02-28,465.61,465.85,3918300,477.31,475.87,475.87
322,Costco,2022-02-28,511.3,514.3,2408900,519.63,519.25,518.41
323,Netflix,2022-02-28,382.13,387.33,5035000,397.75,394.52,394.52
324,Sherwin-Williams,2022-02-28,260.83,264.73,2315000,266.8,263.13,262.52
325,Apple,2022-02-28,162.43,163.06,95056600,165.42,165.12,164.88
326,FedEx,2022-02-28,215.71,217.18,2477700,222.64,222.27,220.4
327,DTE Energy,2022-02-28,120.07,120.51,1642800,122.25,121.59,119.85
328,Marathon Oil Corp,2022-02-28,21.64,21.79,25636100,22.62,22.56,22.5
329,Amazon,2022-02-28,150.85,152.43,57684000,154.45,153.56,153.56
330,American Tower Corp,2022-03-01,226.68,228.0,2467300,230.92,228.55,225.99
331,Costco,2022-03-01,519.19,519.46,2316000,529.36,522.93,522.08
332,DTE Energy,2022-03-01,119.18,121.38,1438800,122.5,120.0,118.28
333,United Health Group,2022-03-01,467.73,470.89,2917600,476.96,476.25,476.25
334,Apple,2022-03-01,161.97,164.7,83474400,166.6,163.2,162.96
335,Netflix,2022-03-01,383.71,391.6,3290400,395.0,386.24,386.24
336,FedEx,2022-03-01,212.64,221.04,2081800,221.95,214.91,213.1
337,Marathon Oil Corp,2022-03-01,22.55,23.05,29242000,23.57,22.89,22.82
338,Amazon,2022-03-01,149.98,152.73,44874000,154.1,151.14,151.14
339,Sherwin-Williams,2022-03-01,253.95,261.52,2311200,263.46,255.53,254.94
340,Bank of America,2022-03-01,41.93,43.71,74895600,43.74,42.47,42.02
341,Marathon Oil Corp,2022-03-02,22.72,23.2,25177500,23.41,23.0,22.93
342,FedEx,2022-03-02,214.3,216.44,2270600,222.58,219.25,217.41
343,DTE Energy,2022-03-02,119.62,119.91,977000,122.77,122.37,120.62
344,United Health Group,2022-03-02,477.89,478.19,3675900,487.17,485.38,485.38
345,Netflix,2022-03-02,375.21,388.93,5356800,389.22,380.03,380.03
346,Sherwin-Williams,2022-03-02,255.58,256.05,1449300,261.18,260.22,259.62
347,Bank of America,2022-03-02,42.62,42.74,70834600,43.54,43.16,42.7
348,Apple,2022-03-02,162.95,164.39,79724800,167.36,166.56,166.32
349,Amazon,2022-03-02,148.75,150.85,47334000,153.0,152.05,152.05
350,American Tower Corp,2022-03-02,227.74,228.31,2160300,232.77,231.0,228.41
351,Costco,2022-03-02,519.77,524.0,2571500,533.09,528.0,527.14
352,Netflix,2022-03-03,364.65,386.0,6076800,386.12,368.07,368.07
353,Amazon,2022-03-03,146.86,153.53,65198000,153.93,147.9,147.9
354,Apple,2022-03-03,165.55,168.47,76678400,168.91,166.23,165.99
355,DTE Energy,2022-03-03,122.51,122.51,1161900,126.05,125.21,123.42
356,American Tower Corp,2022-03-03,231.52,233.48,2702600,236.8,235.24,232.6
357,FedEx,2022-03-03,220.2,222.63,2467700,224.95,221.31,219.45
358,Marathon Oil Corp,2022-03-03,22.6,22.8,19205500,23.21,22.89,22.82
359,Bank of America,2022-03-03,42.21,43.09,48733800,43.5,42.49,42.25
360,United Health Group,2022-03-03,482.22,486.0,3139400,491.38,486.59,486.59
361,Sherwin-Williams,2022-03-03,256.22,262.82,997900,263.93,258.04,257.44
362,Costco,2022-03-03,529.54,534.49,3851800,538.96,533.05,532.18
363,American Tower Corp,2022-03-04,233.97,233.97,2396600,239.23,238.28,235.61
364,Marathon Oil Corp,2022-03-04,22.84,22.84,32992600,23.82,23.81,23.74
365,Bank of America,2022-03-04,40.32,41.43,75572800,41.44,40.95,40.72
366,Amazon,2022-03-04,143.81,147.16,60934000,147.85,145.64,145.64
367,United Health Group,2022-03-04,477.49,480.69,4170100,499.66,498.65,498.65
368,DTE Energy,2022-03-04,124.36,124.36,860600,128.04,127.88,126.05
369,FedEx,2022-03-04,212.3,218.0,2457300,219.0,214.54,213.46
370,Netflix,2022-03-04,357.17,368.0,5325500,374.82,361.73,361.73
371,Sherwin-Williams,2022-03-04,253.52,255.46,1643700,258.75,258.49,257.89
372,Apple,2022-03-04,162.1,164.49,83737200,165.55,163.17,162.93
373,Costco,2022-03-04,511.78,519.5,4417900,529.92,525.5,524.65
374,United Health Group,2022-03-07,483.02,500.0,4123300,500.0,486.87,486.87
375,Netflix,2022-03-07,350.2,360.41,5708400,362.0,350.26,350.26
376,Sherwin-Williams,2022-03-07,242.9,257.45,2197700,258.5,242.95,242.39
377,American Tower Corp,2022-03-07,231.03,237.12,1499200,237.87,232.02,229.42
378,Costco,2022-03-07,523.42,523.45,3896900,545.29,528.52,527.66
379,Bank of America,2022-03-07,38.21,39.93,109779000,40.11,38.34,38.12
380,Marathon Oil Corp,2022-03-07,23.32,24.0,35914400,25.39,24.33,24.26
381,Apple,2022-03-07,159.04,163.36,96418800,165.02,159.3,159.07
382,DTE Energy,2022-03-07,126.12,127.85,1212300,128.29,127.11,125.29
383,Amazon,2022-03-07,137.42,145.44,86934000,146.09,137.45,137.45
384,FedEx,2022-03-07,200.64,212.0,3471100,213.37,201.09,200.08
385,DTE Energy,2022-03-08,126.13,127.61,1039400,128.24,126.17,124.37
386,Costco,2022-03-08,522.41,526.22,3649700,539.73,523.36,522.51
387,Apple,2022-03-08,155.8,158.82,131148300,162.88,157.44,157.21
388,Sherwin-Williams,2022-03-08,236.2,242.45,2049100,248.08,239.85,239.3
389,FedEx,2022-03-08,199.03,202.58,2928200,209.37,203.99,202.96
390,Netflix,2022-03-08,340.67,349.8,6428700,358.86,341.76,341.76
391,American Tower Corp,2022-03-08,227.51,232.52,2058000,236.65,227.97,225.41
392,Amazon,2022-03-08,133.57,136.68,91662000,140.7,136.01,136.01
393,Marathon Oil Corp,2022-03-08,22.84,24.85,42319400,25.7,24.09,24.02
394,Bank of America,2022-03-08,38.17,39.07,76553800,39.66,38.59,38.37
395,United Health Group,2022-03-08,471.52,478.8,3849500,484.49,473.46,473.46
396,Bank of America,2022-03-09,40.16,40.31,78207900,41.61,41.04,40.8
397,DTE Energy,2022-03-09,124.41,126.95,1369000,127.36,125.03,123.24
398,Marathon Oil Corp,2022-03-09,22.38,23.15,39085200,23.75,23.4,23.33
399,Costco,2022-03-09,515.71,527.62,2789700,530.86,527.65,526.79
400,Netflix,2022-03-09,350.51,357.69,6520200,364.14,358.79,358.79
401,American Tower Corp,2022-03-09,231.25,231.65,1481200,236.47,233.11,230.5
402,Amazon,2022-03-09,136.83,139.5,82656000,140.25,139.28,139.28
403,FedEx,2022-03-09,209.0,209.0,3192400,218.41,216.72,215.63
404,Sherwin-Williams,2022-03-09,238.01,241.98,1887100,244.54,241.71,241.15
405,United Health Group,2022-03-09,473.59,482.58,3115500,487.72,485.57,485.57
406,Apple,2022-03-09,159.41,161.48,91454900,163.41,162.95,162.71
407,Costco,2022-03-10,518.14,523.11,1777700,534.37,532.72,531.85
408,Bank of America,2022-03-10,40.11,40.29,48804400,41.48,40.67,40.44
409,American Tower Corp,2022-03-10,227.1,230.93,1300300,233.48,232.8,230.19
410,United Health Group,2022-03-10,477.83,479.33,2834800,493.71,491.44,491.44
411,Netflix,2022-03-10,353.3,356.2,4807800,367.02,356.77,356.77
412,FedEx,2022-03-10,212.35,212.8,2535300,219.72,219.28,218.17
413,DTE Energy,2022-03-10,124.17,124.51,1283700,127.64,127.3,125.48
414,Apple,2022-03-10,155.98,160.2,105342000,160.39,158.52,158.29
415,Sherwin-Williams,2022-03-10,235.85,238.38,1672300,239.44,237.55,237.0
416,Amazon,2022-03-10,143.98,145.68,135062000,148.67,146.82,146.82
417,Marathon Oil Corp,2022-03-10,23.12,23.87,25204400,24.13,23.88,23.81
418,United Health Group,2022-03-11,482.51,487.83,2615000,493.8,482.87,482.87
419,Costco,2022-03-11,526.43,536.62,1735100,542.65,527.42,526.56
420,American Tower Corp,2022-03-11,234.68,235.31,1889000,238.03,234.84,232.21
421,Netflix,2022-03-11,340.0,361.19,4819900,363.36,340.32,340.32
422,Bank of America,2022-03-11,40.29,41.04,43946600,41.38,40.33,40.1
423,Apple,2022-03-11,154.5,158.93,96970100,159.28,154.73,154.5
424,DTE Energy,2022-03-11,126.41,126.7,1302700,128.11,126.97,125.15
425,Amazon,2022-03-11,145.37,149.57,68900000,149.68,145.52,145.52
426,Sherwin-Williams,2022-03-11,233.32,238.01,1269900,239.13,233.59,233.05
427,Marathon Oil Corp,2022-03-11,23.15,23.42,19994200,24.07,23.17,23.1
428,FedEx,2022-03-11,212.73,220.0,2346300,220.41,213.18,212.11
429,FedEx,2022-03-14,208.81,212.51,2180700,214.92,211.13,210.07
430,United Health Group,2022-03-14,485.28,490.4,2704100,495.59,487.92,487.92
431,DTE Energy,2022-03-14,125.88,127.79,916200,128.67,126.52,124.71
432,Netflix,2022-03-14,329.82,338.72,5907800,341.32,331.01,331.01
433,Apple,2022-03-14,150.1,151.45,108732100,154.12,150.62,150.4
434,Marathon Oil Corp,2022-03-14,21.74,22.67,25508000,22.73,22.18,22.12
435,Bank of America,2022-03-14,40.9,40.9,54262400,42.18,41.2,40.96
436,Costco,2022-03-14,523.54,527.77,1950000,535.31,525.95,525.1
437,Amazon,2022-03-14,140.88,145.98,74086000,147.45,141.85,141.85
438,American Tower Corp,2022-03-14,232.45,235.97,1652400,237.16,234.93,232.3
439,Sherwin-Williams,2022-03-14,233.41,234.86,1340700,239.67,237.63,237.08
440,United Health Group,2022-03-15,487.31,490.0,3043000,499.94,497.91,497.91
441,Marathon Oil Corp,2022-03-15,20.82,21.09,25237900,21.96,21.65,21.59
442,DTE Energy,2022-03-15,126.35,128.04,1200200,128.52,127.76,125.93
443,Netflix,2022-03-15,332.36,335.1,5460600,345.36,343.75,343.75
444,Sherwin-Williams,2022-03-15,239.27,239.73,1757500,244.48,242.44,241.88
445,Apple,2022-03-15,150.38,150.9,92964300,155.57,155.09,154.86
446,American Tower Corp,2022-03-15,234.08,236.63,1422300,238.36,236.21,233.56
447,FedEx,2022-03-15,211.93,214.79,1858400,217.58,216.23,215.14
448,Bank of America,2022-03-15,40.87,41.26,41395300,41.78,41.5,41.26
449,Amazon,2022-03-15,142.0,142.85,75584000,147.99,147.37,147.37
450,Costco,2022-03-15,527.92,530.0,2547900,543.85,542.32,541.44
451,American Tower Corp,2022-03-16,235.67,237.82,1902000,240.42,239.63,236.94
452,Bank of America,2022-03-16,41.92,42.24,59477600,43.05,42.8,42.55
453,Apple,2022-03-16,154.46,157.05,102300200,160.0,159.59,159.36
454,United Health Group,2022-03-16,490.01,499.83,3497100,505.5,498.26,498.26
455,Costco,2022-03-16,531.26,544.53,3017200,551.62,543.39,542.51
456,Marathon Oil Corp,2022-03-16,21.24,21.81,21050300,21.87,21.59,21.53
457,FedEx,2022-03-16,218.75,218.92,3088000,226.02,225.93,224.79
458,Amazon,2022-03-16,147.35,148.5,84958000,153.15,153.1,153.1
459,Sherwin-Williams,2022-03-16,239.66,244.98,1651100,249.6,244.38,243.82
460,Netflix,2022-03-16,343.06,348.2,6982500,359.99,357.53,357.53
461,DTE Energy,2022-03-16,125.29,127.49,1403700,128.15,127.79,125.96
462,Netflix,2022-03-17,354.88,359.7,5818300,373.31,371.4,371.4
463,Bank of America,2022-03-17,41.83,42.41,50260200,43.04,43.03,42.78
464,American Tower Corp,2022-03-17,238.49,238.49,1876100,245.24,245.14,242.39
465,FedEx,2022-03-17,220.39,221.73,5701400,229.42,227.98,226.83
466,Amazon,2022-03-17,152.14,152.64,72934000,157.5,157.24,157.24
467,Costco,2022-03-17,543.2,543.35,1974200,553.17,552.79,551.89
468,Marathon Oil Corp,2022-03-17,22.17,22.36,22979100,23.21,23.07,23.0
469,Sherwin-Williams,2022-03-17,241.49,242.51,1409000,247.53,247.52,246.95
470,Apple,2022-03-17,157.63,158.61,75615400,161.0,160.62,160.38
471,United Health Group,2022-03-17,495.18,496.0,2357200,507.12,507.02,507.02
472,DTE Energy,2022-03-17,127.0,128.14,1227100,128.61,127.78,125.95
473,United Health Group,2022-03-18,501.56,508.74,5065600,510.68,506.12,506.12
474,Costco,2022-03-18,549.51,552.96,3597800,562.55,561.35,560.44
475,Netflix,2022-03-18,368.47,372.0,8324800,381.8,380.6,380.6
476,FedEx,2022-03-18,212.93,220.0,9268400,220.19,218.91,217.81
477,DTE Energy,2022-03-18,125.7,127.21,2349100,127.6,126.07,125.13
478,Marathon Oil Corp,2022-03-18,22.89,23.07,25463000,23.39,23.08,23.01
479,Sherwin-Williams,2022-03-18,244.88,248.13,2068300,252.63,251.53,250.95
480,Bank of America,2022-03-18,42.26,42.76,74470600,42.93,42.9,42.65
481,American Tower Corp,2022-03-18,241.8,247.17,3668100,248.46,242.53,239.81
482,Amazon,2022-03-18,156.01,156.81,102962000,161.59,161.25,161.25
483,Apple,2022-03-18,159.76,160.51,123511700,164.48,163.98,163.74
484,American Tower Corp,2022-03-21,240.03,241.81,1601400,245.0,241.64,238.93
485,Costco,2022-03-21,550.84,560.14,3136900,566.75,555.53,554.63
486,Sherwin-Williams,2022-03-21,244.14,251.2,1135900,251.88,245.82,245.25
487,DTE Energy,2022-03-21,125.9,125.9,1409000,128.1,127.1,126.16
488,Marathon Oil Corp,2022-03-21,23.73,23.75,25701200,25.1,25.05,24.98
489,United Health Group,2022-03-21,504.36,505.01,2617700,513.0,507.66,507.66
490,Bank of America,2022-03-21,42.51,43.35,47106400,43.43,42.84,42.59
491,Apple,2022-03-21,163.01,163.51,95811400,166.35,165.38,165.14
492,Amazon,2022-03-21,159.55,161.12,66538000,163.08,161.49,161.49
493,Netflix,2022-03-21,368.94,378.02,4866500,381.82,374.59,374.59
494,FedEx,2022-03-21,217.47,217.72,3434400,223.2,222.16,221.04
495,Amazon,2022-03-22,161.7,161.81,64086000,166.17,164.89,164.89
496,Costco,2022-03-22,552.33,556.96,1777500,560.35,559.42,558.51
497,DTE Energy,2022-03-22,125.49,127.29,1603800,127.34,125.71,124.78
498,Marathon Oil Corp,2022-03-22,24.29,25.0,27921600,25.19,24.66,24.59
499,United Health Group,2022-03-22,504.84,509.27,2752500,511.85,505.32,505.32
500,Bank of America,2022-03-22,43.7,43.82,52360600,44.63,44.18,43.93
501,FedEx,2022-03-22,222.49,223.09,2627700,228.7,226.57,225.43
502,Sherwin-Williams,2022-03-22,248.55,251.49,1400300,252.15,250.17,249.59
503,Apple,2022-03-22,164.91,165.51,81532000,169.42,168.82,168.57
504,Netflix,2022-03-22,366.76,371.14,4242800,386.66,382.92,382.92
505,American Tower Corp,2022-03-22,239.11,242.23,1909800,243.29,239.67,236.98
506,Apple,2022-03-23,167.65,167.99,98062700,172.64,170.21,169.96
507,American Tower Corp,2022-03-23,233.71,239.07,1968600,240.22,234.0,231.38
508,Bank of America,2022-03-23,43.03,43.72,48539300,44.01,43.09,42.84
509,FedEx,2022-03-23,221.06,224.74,1733600,226.07,221.47,220.35
510,DTE Energy,2022-03-23,125.13,125.71,1052600,127.51,126.96,126.02
511,Netflix,2022-03-23,374.49,379.77,3729000,382.46,374.49,374.49
512,Marathon Oil Corp,2022-03-23,25.14,25.3,17712200,25.76,25.58,25.51
513,Amazon,2022-03-23,162.69,163.71,55812000,166.37,163.41,163.41
514,Costco,2022-03-23,551.91,556.95,1546800,560.69,554.02,553.12
515,Sherwin-Williams,2022-03-23,246.8,248.42,1276500,249.76,247.64,247.07
516,United Health Group,2022-03-23,501.33,502.27,2753200,507.06,503.23,503.23
517,Sherwin-Williams,2022-03-24,246.6,248.46,1369800,250.01,249.93,249.35
518,Netflix,2022-03-24,368.9,379.76,3888500,379.76,375.71,375.71
519,Apple,2022-03-24,170.21,171.06,90131400,174.14,174.07,173.81
520,Amazon,2022-03-24,160.05,163.75,56798000,164.12,163.65,163.65
521,FedEx,2022-03-24,220.61,222.68,2006600,225.45,225.12,223.99
522,American Tower Corp,2022-03-24,230.67,233.6,2081200,235.56,235.49,232.85
523,DTE Energy,2022-03-24,126.94,127.18,736200,128.26,127.79,126.84
524,Bank of America,2022-03-24,42.89,43.38,30360800,43.43,43.07,42.82
525,Costco,2022-03-24,549.22,555.51,1614200,558.26,558.11,557.2
526,Marathon Oil Corp,2022-03-24,25.29,25.5,20078000,25.99,25.53,25.46
527,United Health Group,2022-03-24,503.86,505.0,2789200,515.78,513.46,513.46
528,Amazon,2022-03-25,162.25,164.0,49032000,165.37,164.77,164.77
529,Costco,2022-03-25,550.23,559.82,1974900,560.43,555.71,554.81
530,American Tower Corp,2022-03-25,236.54,237.42,1530200,241.33,240.69,237.99
531,Bank of America,2022-03-25,43.33,43.48,38968100,44.26,43.73,43.48
532,FedEx,2022-03-25,223.96,225.99,1452900,227.05,226.56,225.42
533,Apple,2022-03-25,172.75,173.88,80546200,175.28,174.72,174.46
534,Marathon Oil Corp,2022-03-25,25.24,25.27,22516400,26.22,26.04,25.97
535,DTE Energy,2022-03-25,127.73,128.09,515700,129.85,129.85,128.89
536,Netflix,2022-03-25,366.43,377.07,3574500,377.64,373.85,373.85
537,United Health Group,2022-03-25,509.24,514.19,2551100,516.53,513.03,513.03
538,Sherwin-Williams,2022-03-25,244.46,249.29,1143300,250.79,245.21,244.64
539,Costco,2022-03-28,553.5,556.74,2056100,565.26,565.21,564.29
540,Amazon,2022-03-28,164.9,164.98,59854000,169.04,168.99,168.99
541,DTE Energy,2022-03-28,128.43,129.75,823000,129.94,129.7,128.74
542,Sherwin-Williams,2022-03-28,244.11,245.54,1282100,250.62,250.58,250.0
543,Apple,2022-03-28,172.0,172.17,90371900,175.73,175.6,175.34
544,FedEx,2022-03-28,225.62,226.84,1728100,230.16,230.05,228.89
545,American Tower Corp,2022-03-28,241.0,241.75,1382800,245.19,245.03,242.28
546,United Health Group,2022-03-28,508.81,514.32,2643000,517.14,513.2,513.2
547,Bank of America,2022-03-28,42.83,43.71,37428600,43.75,43.55,43.3
548,Netflix,2022-03-28,366.73,375.23,4323400,380.28,378.51,378.51
549,Marathon Oil Corp,2022-03-28,24.92,25.26,18026400,25.42,25.29,25.22
550,Apple,2022-03-29,176.34,176.69,100589400,179.01,178.96,178.7
551,Costco,2022-03-29,564.53,568.0,2005400,571.22,569.98,569.05
552,Amazon,2022-03-29,167.87,170.38,66154000,170.83,169.32,169.32
553,Netflix,2022-03-29,380.33,384.39,5880700,396.5,391.82,391.82
554,Bank of America,2022-03-29,43.11,44.25,46355800,44.39,43.44,43.19
555,DTE Energy,2022-03-29,129.34,130.0,899800,130.9,130.59,129.62
556,Marathon Oil Corp,2022-03-29,24.17,24.68,21418400,25.08,25.0,24.93
557,American Tower Corp,2022-03-29,247.27,247.64,1917500,251.23,250.55,247.74
558,Sherwin-Williams,2022-03-29,256.32,259.05,1904000,264.43,259.35,258.75
559,United Health Group,2022-03-29,507.3,517.1,3478400,519.59,510.73,510.73
560,FedEx,2022-03-29,236.05,236.75,4055800,241.57,238.57,237.37
561,DTE Energy,2022-03-30,130.23,130.8,1096400,132.73,132.56,131.58
562,Apple,2022-03-30,176.7,178.55,92633200,179.61,177.77,177.51
563,American Tower Corp,2022-03-30,247.37,249.15,1385400,250.92,250.87,248.06
564,Netflix,2022-03-30,378.63,389.55,4023300,392.7,381.47,381.47
565,Amazon,2022-03-30,165.5,168.51,56168000,168.95,166.3,166.3
566,FedEx,2022-03-30,234.15,237.25,2111300,238.19,235.25,234.06
567,Sherwin-Williams,2022-03-30,252.19,257.0,1157500,258.11,253.01,252.43
568,Costco,2022-03-30,568.59,570.95,2086500,578.25,576.47,575.53
569,Marathon Oil Corp,2022-03-30,25.22,25.37,16764300,25.84,25.5,25.43
570,Bank of America,2022-03-30,42.75,43.44,36601800,43.65,43.0,42.75
571,United Health Group,2022-03-30,512.48,515.11,3041200,521.2,520.82,520.82
572,Costco,2022-03-31,575.51,578.7,3439800,586.32,575.85,574.91
573,FedEx,2022-03-31,231.28,233.32,1778600,235.83,231.39,230.22
574,Amazon,2022-03-31,162.95,166.45,59966000,166.49,163.0,163.0
575,Apple,2022-03-31,174.4,177.84,103049300,178.03,174.61,174.35
576,Marathon Oil Corp,2022-03-31,25.08,25.1,19879000,25.96,25.11,25.04
577,Sherwin-Williams,2022-03-31,249.62,253.45,1816700,255.5,249.62,249.04
578,Netflix,2022-03-31,373.61,383.59,4134700,384.0,374.59,374.59
579,United Health Group,2022-03-31,509.67,517.1,3979700,521.89,509.97,509.97
580,DTE Energy,2022-03-31,131.96,132.23,1149100,134.32,132.21,131.23
581,Bank of America,2022-03-31,41.2,42.84,67902500,42.89,41.22,40.98
582,American Tower Corp,2022-03-31,250.7,251.91,3315600,254.07,251.22,248.4
583,DTE Energy,2022-04-01,131.57,132.1,901200,134.97,134.94,133.94
584,United Health Group,2022-04-01,506.6,510.68,2344100,514.78,512.59,512.59
585,Marathon Oil Corp,2022-04-01,25.17,25.18,13426600,25.9,25.75,25.68
586,FedEx,2022-04-01,221.0,231.39,3435700,231.68,221.25,220.13
587,Costco,2022-04-01,572.31,577.38,1933500,582.99,575.57,574.64
588,Apple,2022-04-01,171.94,174.03,78751300,174.88,174.31,174.05
589,Bank of America,2022-04-01,40.35,41.69,61929200,41.74,40.9,40.67
590,Sherwin-Williams,2022-04-01,249.64,251.36,1378300,255.37,255.21,254.62
591,Netflix,2022-04-01,368.5,376.8,4644200,380.87,373.47,373.47
592,American Tower Corp,2022-04-01,250.1,251.22,1636200,257.39,256.95,254.07
593,Amazon,2022-04-01,162.32,164.15,57090000,165.83,163.56,163.56
594,Apple,2022-04-04,174.44,174.57,76468400,178.49,178.44,178.18
595,Costco,2022-04-04,571.47,573.94,2201800,579.69,575.13,574.2
596,DTE Energy,2022-04-04,131.9,134.15,713600,134.15,133.63,132.64
597,Bank of America,2022-04-04,40.16,40.48,53761700,41.14,40.83,40.6
598,United Health Group,2022-04-04,504.53,512.21,2657500,512.48,510.02,510.02
599,Marathon Oil Corp,2022-04-04,25.54,26.09,15846600,26.4,25.68,25.61
600,FedEx,2022-04-04,216.74,218.39,3479800,220.86,217.99,216.89
601,Sherwin-Williams,2022-04-04,252.32,253.82,1587500,259.08,259.04,258.44
602,Amazon,2022-04-04,163.21,164.12,49882000,168.39,168.35,168.35
603,American Tower Corp,2022-04-04,256.13,256.98,1989800,259.37,257.83,254.94
604,Netflix,2022-04-04,373.13,373.55,7001800,396.02,391.5,391.5
605,Apple,2022-04-05,174.42,177.5,73401800,178.3,175.06,174.8
606,Marathon Oil Corp,2022-04-05,24.72,25.81,17598200,26.1,24.8,24.73
607,FedEx,2022-04-05,210.67,215.33,3124100,218.84,211.03,209.97
608,Costco,2022-04-05,572.1,572.59,1826800,583.98,575.32,574.39
609,American Tower Corp,2022-04-05,257.04,257.55,1956200,265.36,262.92,259.97
610,DTE Energy,2022-04-05,133.83,133.86,877100,136.13,134.29,133.29
611,Bank of America,2022-04-05,40.04,40.44,51781700,40.76,40.14,39.91
612,Netflix,2022-04-05,377.31,389.3,4234500,390.0,380.15,380.15
613,United Health Group,2022-04-05,508.0,510.0,3268600,524.73,517.76,517.76
614,Sherwin-Williams,2022-04-05,256.75,258.28,1603300,262.31,257.97,257.37
615,Amazon,2022-04-05,163.27,167.74,53728000,168.11,164.05,164.05
616,Netflix,2022-04-06,362.73,374.15,4354900,376.47,368.35,368.35
617,Bank of America,2022-04-06,39.35,39.74,54159800,40.01,39.7,39.47
618,Costco,2022-04-06,570.37,574.03,2646200,586.8,584.79,583.84
619,FedEx,2022-04-06,203.55,209.5,3492800,209.5,204.0,202.97
620,DTE Energy,2022-04-06,134.53,134.75,1543300,137.99,137.61,136.59
621,United Health Group,2022-04-06,518.0,518.22,3955600,533.52,531.75,531.75
622,Amazon,2022-04-06,157.25,161.65,79056000,162.2,158.76,158.76
623,Apple,2022-04-06,170.13,172.36,89058800,173.63,171.83,171.58
624,American Tower Corp,2022-04-06,260.51,261.19,2749700,269.14,268.62,265.61
625,Marathon Oil Corp,2022-04-06,24.27,25.18,15855600,25.41,24.42,24.35
626,Sherwin-Williams,2022-04-06,254.3,255.91,1671300,263.65,262.63,262.02
627,Costco,2022-04-07,588.78,592.29,4804200,612.27,608.05,607.06
628,Marathon Oil Corp,2022-04-07,24.25,24.87,15240600,25.11,24.93,24.86
629,Bank of America,2022-04-07,38.85,39.89,54585000,39.98,39.39,39.16
630,Apple,2022-04-07,169.85,171.16,77594700,173.36,172.14,171.89
631,American Tower Corp,2022-04-07,264.02,265.96,1752400,267.85,265.73,262.75
632,United Health Group,2022-04-07,528.39,530.0,2867000,538.28,536.95,536.95
633,DTE Energy,2022-04-07,135.38,137.4,1319400,137.78,136.33,135.32
634,Netflix,2022-04-07,353.69,365.0,4948900,368.54,362.15,362.15
635,Sherwin-Williams,2022-04-07,258.33,261.26,1559400,264.21,263.83,263.22
636,FedEx,2022-04-07,199.21,203.72,3223300,205.04,203.77,202.74
637,Amazon,2022-04-07,154.51,158.4,68136000,160.08,157.78,157.78
638,American Tower Corp,2022-04-08,264.03,266.16,1559100,268.49,266.41,263.42
639,Bank of America,2022-04-08,39.32,39.49,41018900,40.1,39.67,39.44
640,Netflix,2022-04-08,354.87,361.96,4025200,362.5,355.88,355.88
641,Marathon Oil Corp,2022-04-08,25.06,25.08,16068400,26.03,25.9,25.83
642,Amazon,2022-04-08,154.23,156.75,46002000,157.37,154.46,154.46
643,Apple,2022-04-08,169.2,171.78,76575500,171.78,170.09,169.84
644,DTE Energy,2022-04-08,135.48,136.92,1007300,137.77,137.35,136.33
645,Sherwin-Williams,2022-04-08,262.4,265.0,1131300,266.77,263.76,263.15
646,United Health Group,2022-04-08,538.1,539.0,3986700,548.97,545.96,545.96
647,Costco,2022-04-08,597.73,606.38,3230200,608.0,600.04,599.07
648,FedEx,2022-04-08,199.59,202.09,2321200,203.68,201.52,200.5
649,DTE Energy,2022-04-11,136.09,137.69,912200,138.51,136.86,135.84
650,FedEx,2022-04-11,199.61,199.61,2081000,207.65,204.12,203.09
651,American Tower Corp,2022-04-11,262.59,266.59,2158500,267.74,263.31,260.36
652,Sherwin-Williams,2022-04-11,260.73,262.08,995900,264.46,261.1,260.5
653,Marathon Oil Corp,2022-04-11,24.9,25.52,18394200,25.54,25.22,25.15
654,Apple,2022-04-11,165.5,168.71,72246700,169.03,165.75,165.51
655,Costco,2022-04-11,582.8,598.79,2792700,601.0,584.67,583.72
656,United Health Group,2022-04-11,536.64,543.6,3574000,547.61,537.44,537.44
657,Amazon,2022-04-11,150.53,152.71,52112000,154.14,151.12,151.12
658,Netflix,2022-04-11,345.2,350.0,3777100,354.78,348.0,348.0
659,Bank of America,2022-04-11,39.39,39.48,34198700,40.4,39.59,39.36
660,Apple,2022-04-12,166.64,168.02,79265200,169.87,167.66,167.41
661,FedEx,2022-04-12,202.33,204.13,2031800,207.17,204.38,203.35
662,American Tower Corp,2022-04-12,255.63,258.88,1518100,260.15,257.18,255.66
663,Amazon,2022-04-12,150.38,153.69,55178000,155.1,150.79,150.79
664,Costco,2022-04-12,578.76,586.69,2142000,591.73,581.36,580.42
665,DTE Energy,2022-04-12,135.58,136.62,924400,138.35,137.85,136.83
666,Marathon Oil Corp,2022-04-12,25.8,25.8,22238200,26.86,26.27,26.19
667,Netflix,2022-04-12,342.25,355.91,3824300,359.41,344.1,344.1
668,Bank of America,2022-04-12,38.85,39.57,42855300,40.08,39.17,38.95
669,Sherwin-Williams,2022-04-12,255.84,262.99,857600,265.2,256.95,256.36
670,United Health Group,2022-04-12,530.78,535.41,3575700,540.73,533.71,533.71
671,FedEx,2022-04-13,203.09,204.4,1365500,207.55,206.31,205.27
672,Sherwin-Williams,2022-04-13,254.23,255.74,1282300,259.72,258.4,257.8
673,American Tower Corp,2022-04-13,254.94,258.07,1317800,258.23,257.16,255.64
674,Costco,2022-04-13,582.47,582.47,2211800,593.49,591.09,590.13
675,Bank of America,2022-04-13,38.36,38.5,45484200,39.01,38.82,38.6
676,Netflix,2022-04-13,341.16,343.92,3231000,352.0,350.43,350.43
677,United Health Group,2022-04-13,528.62,533.32,3012000,538.28,537.0,537.0
678,Amazon,2022-04-13,149.6,150.02,53390000,156.02,155.54,155.54
679,Apple,2022-04-13,166.77,167.39,70618900,171.04,170.4,170.15
680,DTE Energy,2022-04-13,135.45,138.0,1073900,138.18,136.63,135.62
681,Marathon Oil Corp,2022-04-13,25.94,26.72,18273500,26.95,26.57,26.49
682,Netflix,2022-04-14,339.86,350.95,4343800,352.0,341.13,341.13
683,United Health Group,2022-04-14,534.07,538.5,4211300,553.29,534.82,534.82
684,DTE Energy,2022-04-14,136.49,136.49,817200,138.02,137.17,136.15
685,American Tower Corp,2022-04-14,255.0,257.94,2312200,258.35,255.54,254.03
686,Sherwin-Williams,2022-04-14,252.75,259.84,1246800,261.26,252.9,252.32
687,Costco,2022-04-14,587.05,591.78,2206200,596.28,590.39,589.43
688,Apple,2022-04-14,165.04,170.62,75329400,171.27,165.29,165.05
689,FedEx,2022-04-14,204.95,207.05,1922300,208.5,205.74,204.7
690,Marathon Oil Corp,2022-04-14,26.36,26.4,16234900,26.93,26.61,26.53
691,Amazon,2022-04-14,151.47,155.39,51598000,155.9,151.71,151.71
692,Bank of America,2022-04-14,37.42,38.49,79032000,38.97,37.57,37.35
693,United Health Group,2022-04-18,530.38,537.9,2087100,541.0,534.08,534.08
694,FedEx,2022-04-18,201.97,205.52,1510100,206.98,203.26,202.24
695,Marathon Oil Corp,2022-04-18,26.6,26.95,15965800,27.36,26.88,26.8
696,DTE Energy,2022-04-18,136.3,137.37,648600,138.03,137.17,136.15
697,Apple,2022-04-18,163.57,163.92,69023900,166.6,165.07,164.83
698,American Tower Corp,2022-04-18,252.15,254.14,1072500,257.38,253.91,252.41
699,Bank of America,2022-04-18,37.22,37.42,80080300,39.31,38.85,38.63
700,Costco,2022-04-18,579.6,585.38,2161900,592.11,582.12,581.17
701,Amazon,2022-04-18,150.25,151.52,46514000,154.04,152.79,152.79
702,Sherwin-Williams,2022-04-18,245.38,249.76,1389300,252.58,246.17,245.6
703,Netflix,2022-04-18,331.62,340.0,5105000,342.36,337.86,337.86
704,United Health Group,2022-04-19,535.24,535.89,2207600,542.48,537.7,537.7
705,DTE Energy,2022-04-19,136.49,137.53,548000,138.0,137.77,136.75
706,Amazon,2022-04-19,151.55,152.03,54926000,158.65,158.12,158.12
707,FedEx,2022-04-19,204.27,204.55,1761400,210.09,208.81,207.76
708,Netflix,2022-04-19,333.22,333.22,20906900,351.68,348.61,348.61
709,Bank of America,2022-04-19,39.11,39.21,53714200,39.88,39.57,39.34
710,American Tower Corp,2022-04-19,254.78,254.85,1308500,259.55,258.77,257.24
711,Marathon Oil Corp,2022-04-19,26.38,26.78,16671400,27.16,26.78,26.7
712,Costco,2022-04-19,582.0,583.35,2327800,594.83,594.3,593.33
713,Sherwin-Williams,2022-04-19,246.65,246.65,1275500,253.85,252.25,251.67
714,Apple,2022-04-19,163.91,165.02,67723800,167.82,167.4,167.15
715,DTE Energy,2022-04-20,138.43,138.7,785200,139.78,139.12,138.09
716,Costco,2022-04-20,597.3,599.15,1793300,605.28,603.53,602.55
717,Amazon,2022-04-20,153.6,157.6,59630000,157.6,154.0,154.0
718,Netflix,2022-04-20,212.51,245.2,133387500,248.7,226.19,226.19
719,Sherwin-Williams,2022-04-20,251.02,255.03,1705500,258.67,253.09,252.51
720,Apple,2022-04-20,166.1,168.76,67929800,168.88,167.23,166.98
721,American Tower Corp,2022-04-20,259.14,259.75,1807500,267.95,267.59,266.0
722,Bank of America,2022-04-20,39.61,40.15,47064300,40.37,39.66,39.43
723,Marathon Oil Corp,2022-04-20,26.78,27.01,20115500,27.72,27.65,27.57
724,United Health Group,2022-04-20,539.0,542.14,2986300,548.36,546.01,546.01
725,FedEx,2022-04-20,209.08,210.54,1824900,214.07,209.19,208.14
726,American Tower Corp,2022-04-21,266.16,268.89,1712400,271.53,266.75,265.17
727,Costco,2022-04-21,591.15,607.28,2027900,609.18,591.74,590.78
728,United Health Group,2022-04-21,536.03,545.5,2539900,548.0,537.44,537.44
729,Netflix,2022-04-21,211.52,220.0,53501600,227.68,218.22,218.22
730,DTE Energy,2022-04-21,138.07,139.03,1017400,140.23,138.28,137.25
731,Amazon,2022-04-21,147.59,154.71,63970000,156.74,148.3,148.3
732,Marathon Oil Corp,2022-04-21,26.0,27.75,20775600,27.97,26.09,26.02
733,Apple,2022-04-21,165.91,168.91,87227800,171.53,166.42,166.18
734,Sherwin-Williams,2022-04-21,251.33,256.39,1408400,258.43,251.61,251.03
735,FedEx,2022-04-21,205.5,209.98,2099500,210.75,206.86,205.82
736,Bank of America,2022-04-21,38.62,40.0,46245900,40.21,38.91,38.69
737,Amazon,2022-04-22,143.7,148.25,73078000,149.62,144.35,144.35
738,Sherwin-Williams,2022-04-22,244.64,251.15,1426500,251.15,244.92,244.35
739,Costco,2022-04-22,571.05,590.35,2878200,591.9,571.7,570.77
740,DTE Energy,2022-04-22,136.72,138.04,664200,138.29,136.81,135.79
741,United Health Group,2022-04-22,520.18,532.06,3453300,533.35,520.94,520.94
742,Netflix,2022-04-22,210.05,220.18,37515100,226.27,215.52,215.52
743,Marathon Oil Corp,2022-04-22,24.89,26.02,16638900,26.37,25.0,24.93
744,FedEx,2022-04-22,204.26,205.62,2114800,207.91,205.21,204.18
745,American Tower Corp,2022-04-22,261.85,267.13,1664500,267.13,261.9,260.35
746,Bank of America,2022-04-22,37.5,38.81,50409800,38.85,37.56,37.34
747,Apple,2022-04-22,161.5,166.46,84882400,167.87,161.79,161.55
748,Sherwin-Williams,2022-04-25,240.7,245.13,1738500,248.35,248.02,247.45
749,United Health Group,2022-04-25,511.73,520.4,3030400,526.26,524.27,524.27
750,Apple,2022-04-25,158.46,161.12,96046400,163.17,162.88,162.64
751,FedEx,2022-04-25,197.7,204.05,2162600,205.8,205.4,204.36
752,Netflix,2022-04-25,204.51,213.81,28152000,216.66,209.91,209.91
753,Costco,2022-04-25,553.53,570.31,3154500,570.33,568.21,567.29
754,American Tower Corp,2022-04-25,255.11,262.1,1656800,263.0,259.52,257.98
755,Amazon,2022-04-25,142.31,144.02,61874000,146.22,146.07,146.07
756,Marathon Oil Corp,2022-04-25,22.85,24.16,26911800,24.32,24.14,24.07
757,Bank of America,2022-04-25,35.93,36.89,64301100,37.4,37.29,37.08
758,DTE Energy,2022-04-25,134.23,137.16,889500,137.34,135.7,134.69
759,Amazon,2022-04-26,138.93,144.8,77530000,144.86,139.39,139.39
760,United Health Group,2022-04-26,513.51,524.24,2895300,526.26,513.78,513.78
761,FedEx,2022-04-26,198.23,204.47,1927500,205.29,200.0,198.99
762,Netflix,2022-04-26,198.28,208.8,20318100,209.15,198.4,198.4
763,Apple,2022-04-26,156.72,162.25,95623200,162.34,156.8,156.57
764,Marathon Oil Corp,2022-04-26,23.99,24.36,19246000,25.07,24.08,24.01
765,DTE Energy,2022-04-26,134.43,135.04,699100,137.16,134.52,133.52
766,Sherwin-Williams,2022-04-26,266.32,268.78,5011900,275.94,271.37,270.74
767,American Tower Corp,2022-04-26,254.44,258.83,1883300,261.21,254.82,253.31
768,Costco,2022-04-26,553.31,565.25,2057400,568.34,553.76,552.86
769,Bank of America,2022-04-26,36.42,36.88,44809900,37.54,36.45,36.24
770,Netflix,2022-04-27,187.77,194.01,22298400,200.19,188.54,188.54
771,Costco,2022-04-27,552.85,556.19,2261600,563.62,554.08,553.18
772,United Health Group,2022-04-27,509.82,514.91,3353700,520.9,513.81,513.81
773,DTE Energy,2022-04-27,133.58,135.12,764400,136.0,134.37,133.37
774,Bank of America,2022-04-27,36.17,36.27,39824900,36.91,36.25,36.04
775,American Tower Corp,2022-04-27,251.55,256.01,2049600,258.0,252.85,251.35
776,FedEx,2022-04-27,196.15,198.22,1613700,201.56,199.26,198.26
777,Marathon Oil Corp,2022-04-27,23.73,24.25,16611600,24.92,24.66,24.59
778,Sherwin-Williams,2022-04-27,272.45,272.74,3950200,283.99,279.38,278.73
779,Apple,2022-04-27,155.38,155.91,88063200,159.79,156.57,156.34
780,Amazon,2022-04-27,135.78,140.19,71336000,141.95,138.17,138.17
781,Netflix,2022-04-28,185.6,191.56,21363200,201.48,199.52,199.52
782,Bank of America,2022-04-28,36.16,36.73,39567800,36.95,36.81,36.6
783,Amazon,2022-04-28,140.3,142.18,117316000,145.94,144.6,144.6
784,FedEx,2022-04-28,200.59,201.82,2261400,207.07,206.85,205.81
785,Marathon Oil Corp,2022-04-28,23.99,24.8,15786700,25.69,25.46,25.39
786,Costco,2022-04-28,545.8,555.47,2118700,564.8,562.0,562.0
787,Sherwin-Williams,2022-04-28,276.26,283.0,2367100,284.7,281.31,280.66
788,Apple,2022-04-28,158.93,159.25,130216800,164.52,163.64,163.4
789,American Tower Corp,2022-04-28,245.21,252.62,2417400,253.86,252.18,250.69
790,DTE Energy,2022-04-28,133.5,134.0,989100,136.42,135.52,134.51
791,United Health Group,2022-04-28,513.17,516.76,2582700,526.28,524.42,524.42
792,Costco,2022-04-29,529.7,560.93,2968000,561.58,531.72,531.72
793,Bank of America,2022-04-29,35.54,36.75,47385200,37.13,35.68,35.48
794,Sherwin-Williams,2022-04-29,273.9,280.03,3099500,285.0,274.96,274.32
795,FedEx,2022-04-29,198.0,205.34,2338600,208.87,198.74,197.74
796,Marathon Oil Corp,2022-04-29,24.76,25.5,14657100,25.96,24.92,24.85
797,United Health Group,2022-04-29,506.96,518.85,2873200,519.9,508.55,508.55
798,Amazon,2022-04-29,121.62,129.85,272662000,130.76,124.28,124.28
799,American Tower Corp,2022-04-29,240.68,250.31,2151900,251.31,241.02,239.59
800,Apple,2022-04-29,157.25,161.84,131747600,166.2,157.65,157.42
801,Netflix,2022-04-29,190.0,198.68,16391900,204.71,190.36,190.36
802,DTE Energy,2022-04-29,130.87,134.8,1343000,135.17,131.04,130.07
803,Bank of America,2022-05-02,35.4,36.03,46652200,36.28,36.14,35.93
804,American Tower Corp,2022-05-02,232.73,241.38,2127600,245.28,236.95,235.55
805,DTE Energy,2022-05-02,127.25,132.18,1238200,133.14,128.74,127.78
806,Amazon,2022-05-02,118.38,122.4,148788000,124.67,124.5,124.5
807,United Health Group,2022-05-02,493.34,510.81,3184300,513.51,501.15,501.15
808,FedEx,2022-05-02,192.82,198.94,2225600,200.48,197.01,196.02
809,Sherwin-Williams,2022-05-02,265.91,273.8,2870700,278.2,268.78,268.16
810,Marathon Oil Corp,2022-05-02,24.07,24.56,16641400,25.08,24.95,24.88
811,Apple,2022-05-02,153.27,156.71,123055300,158.23,157.96,157.73
812,Costco,2022-05-02,518.27,532.23,3303400,539.2,528.95,528.95
813,Netflix,2022-05-02,190.01,191.71,14591600,200.21,199.46,199.46
814,Bank of America,2022-05-03,36.33,36.34,48926000,37.63,37.13,36.92
815,Sherwin-Williams,2022-05-03,265.92,268.49,2007000,271.08,269.37,268.75
816,Netflix,2022-05-03,194.77,198.29,11839400,203.2,199.87,199.87
817,FedEx,2022-05-03,195.6,197.26,1957800,200.6,199.44,198.43
818,Apple,2022-05-03,156.32,158.15,88966500,160.71,159.48,159.25
819,United Health Group,2022-05-03,497.48,501.13,2763400,505.52,499.62,499.62
820,American Tower Corp,2022-05-03,235.32,236.95,1367100,243.0,241.01,239.58
821,Costco,2022-05-03,523.7,530.0,2398000,534.27,528.08,528.08
822,Marathon Oil Corp,2022-05-03,24.94,24.94,19367900,26.34,26.25,26.17
823,Amazon,2022-05-03,122.82,124.05,79134000,126.22,124.25,124.25
824,DTE Energy,2022-05-03,128.94,129.33,1378000,131.68,129.61,128.65
825,United Health Group,2022-05-04,493.09,499.5,4002600,509.77,507.62,507.62
826,American Tower Corp,2022-05-04,238.67,240.63,1098500,246.04,245.64,244.18
827,Amazon,2022-05-04,119.18,123.6,110746000,126.0,125.93,125.93
828,Netflix,2022-05-04,191.01,197.65,12218800,204.38,204.01,204.01
829,Apple,2022-05-04,159.26,159.67,108256500,166.48,166.02,165.78
830,Sherwin-Williams,2022-05-04,270.21,270.44,2059100,283.15,282.53,281.88
831,Costco,2022-05-04,522.81,531.6,2465200,546.14,544.43,544.43
832,DTE Energy,2022-05-04,129.5,130.49,1404600,131.06,130.76,129.79
833,Bank of America,2022-05-04,37.28,37.37,57860300,38.75,38.62,38.4
834,Marathon Oil Corp,2022-05-04,26.16,26.91,26500900,27.81,27.69,27.61
835,FedEx,2022-05-04,199.13,200.6,2454400,210.03,209.49,208.43
836,United Health Group,2022-05-05,489.23,507.21,3359700,510.67,494.72,494.72
837,DTE Energy,2022-05-05,127.78,130.5,1516000,131.41,128.83,127.87
838,Sherwin-Williams,2022-05-05,273.61,280.11,2130000,282.16,276.95,276.31
839,Marathon Oil Corp,2022-05-05,27.01,27.8,33426600,29.0,27.68,27.6
840,Netflix,2022-05-05,186.0,200.45,13971300,200.71,188.32,188.32
841,Costco,2022-05-05,512.17,541.57,3977000,542.34,517.32,517.32
842,FedEx,2022-05-05,204.93,207.0,2646500,210.55,207.24,206.2
843,American Tower Corp,2022-05-05,239.7,244.98,1375900,246.47,241.48,240.05
844,Bank of America,2022-05-05,36.87,38.05,48860600,38.21,37.54,37.33
845,Amazon,2022-05-05,115.07,123.0,144392000,123.5,116.41,116.41
846,Apple,2022-05-05,154.95,163.85,130525300,164.08,156.77,156.54
847,Costco,2022-05-06,498.82,514.4,3560800,516.44,503.36,503.36
848,United Health Group,2022-05-06,485.0,485.01,3260300,501.57,499.62,499.62
849,Amazon,2022-05-06,113.08,114.85,124260000,119.05,114.77,114.77
850,American Tower Corp,2022-05-06,238.8,239.25,1843000,245.12,244.07,242.62
851,Sherwin-Williams,2022-05-06,268.14,275.77,1758600,275.77,273.38,272.75
852,Netflix,2022-05-06,175.81,186.75,17185500,187.21,180.97,180.97
853,Bank of America,2022-05-06,36.61,37.37,50440100,37.62,37.45,37.24
854,Marathon Oil Corp,2022-05-06,27.0,28.15,36127600,28.38,28.15,28.07
855,FedEx,2022-05-06,203.25,206.42,2357600,212.44,210.21,209.15
856,Apple,2022-05-06,154.18,156.01,116124600,159.44,157.28,157.28
857,DTE Energy,2022-05-06,127.98,128.22,1204300,130.0,129.68,128.72
858,Apple,2022-05-09,151.49,154.93,131577900,155.83,152.06,152.06
859,FedEx,2022-05-09,205.68,207.32,2320600,212.58,208.27,207.22
860,DTE Energy,2022-05-09,127.82,129.18,849300,130.85,129.52,128.56
861,Bank of America,2022-05-09,36.06,36.87,51242000,37.06,36.37,36.16
862,Netflix,2022-05-09,172.3,177.66,14031300,183.2,173.1,173.1
863,Marathon Oil Corp,2022-05-09,24.0,27.31,27456500,27.36,24.2,24.13
864,United Health Group,2022-05-09,484.43,490.4,3862700,494.63,486.42,486.42
865,Amazon,2022-05-09,107.96,111.31,128124000,114.0,108.79,108.79
866,Costco,2022-05-09,494.34,496.1,3292700,507.05,498.83,498.83
867,Sherwin-Williams,2022-05-09,269.52,269.99,2280300,280.84,276.97,276.33
868,American Tower Corp,2022-05-09,229.96,242.13,2423300,242.13,231.09,229.72
869,FedEx,2022-05-10,202.9,210.28,2278600,211.55,208.06,207.01
870,Marathon Oil Corp,2022-05-10,23.55,24.63,21445700,25.44,24.39,24.32
871,Amazon,2022-05-10,107.17,111.25,105434000,112.64,108.86,108.86
872,Apple,2022-05-10,152.93,155.52,115366700,156.74,154.51,154.51
873,Bank of America,2022-05-10,35.18,36.75,60235300,37.13,35.76,35.56
874,United Health Group,2022-05-10,481.12,493.81,4275500,496.35,488.01,488.01
875,DTE Energy,2022-05-10,127.5,129.86,917200,131.63,128.41,127.46
876,Sherwin-Williams,2022-05-10,265.18,278.67,2208700,280.0,266.37,265.75
877,American Tower Corp,2022-05-10,222.33,232.63,2411700,234.14,224.75,223.42
878,Netflix,2022-05-10,170.57,176.01,13883900,181.87,177.66,177.66
879,Costco,2022-05-10,495.63,509.7,2729400,510.63,501.46,501.46
880,Marathon Oil Corp,2022-05-11,24.99,25.23,19231000,26.57,25.17,25.1
881,Apple,2022-05-11,145.81,153.5,142689800,155.45,146.5,146.5
882,Amazon,2022-05-11,104.43,108.1,109704000,110.16,105.37,105.37
883,DTE Energy,2022-05-11,128.58,128.64,925700,131.77,130.11,129.14
884,Costco,2022-05-11,487.81,503.92,2782900,508.0,489.08,489.08
885,FedEx,2022-05-11,206.43,207.71,2807900,212.17,207.2,206.16
886,United Health Group,2022-05-11,484.39,484.39,3936300,500.52,486.15,486.15
887,Bank of America,2022-05-11,35.51,35.9,54969300,36.92,35.57,35.37
888,American Tower Corp,2022-05-11,223.93,226.45,2104200,229.38,224.72,223.39
889,Netflix,2022-05-11,165.55,176.09,12665500,180.92,166.37,166.37
890,Sherwin-Williams,2022-05-11,263.78,265.36,1376500,271.47,264.67,264.06
891,Bank of America,2022-05-12,34.26,35.01,61231500,35.43,35.07,34.87
892,Apple,2022-05-12,138.8,142.77,182602000,146.2,142.56,142.56
893,American Tower Corp,2022-05-12,222.02,224.67,2193700,226.57,225.5,224.16
894,DTE Energy,2022-05-12,127.63,130.0,873700,130.63,128.71,127.75
895,Marathon Oil Corp,2022-05-12,24.35,25.11,21048300,25.62,25.13,25.06
896,FedEx,2022-05-12,202.31,205.32,2345500,208.34,208.2,207.15
897,Sherwin-Williams,2022-05-12,261.0,262.42,2637500,275.11,274.54,273.91
898,Netflix,2022-05-12,162.71,163.96,17662100,177.58,174.31,174.31
899,Costco,2022-05-12,479.76,486.79,2829500,497.26,486.18,486.18
900,United Health Group,2022-05-12,471.42,486.1,3997600,486.89,478.8,478.8
901,Amazon,2022-05-12,102.41,102.75,132026000,110.78,106.93,106.93
902,DTE Energy,2022-05-13,127.91,129.47,764100,130.24,129.81,128.85
903,Amazon,2022-05-13,107.8,109.07,93684000,113.18,113.06,113.06
904,FedEx,2022-05-13,208.62,208.69,2077100,215.06,211.29,210.22
905,Sherwin-Williams,2022-05-13,270.49,275.66,1501600,277.91,273.33,272.7
906,Costco,2022-05-13,489.6,493.11,2338600,498.79,497.27,497.27
907,United Health Group,2022-05-13,475.81,480.98,2453400,487.0,485.4,485.4
908,American Tower Corp,2022-05-13,226.19,227.18,2229500,232.89,232.66,231.28
909,Marathon Oil Corp,2022-05-13,25.8,25.93,23244700,27.14,27.0,26.92
910,Netflix,2022-05-13,176.01,177.16,13136300,187.77,187.64,187.64
911,Apple,2022-05-13,143.11,144.59,113990900,148.1,147.11,147.11
912,Bank of America,2022-05-13,34.76,35.53,49117900,35.73,35.17,34.97
913,Bank of America,2022-05-16,34.41,35.0,39076500,35.17,34.81,34.61
914,Netflix,2022-05-16,185.7,193.3,16145000,195.89,186.51,186.51
915,DTE Energy,2022-05-16,129.23,130.21,871900,130.88,130.37,129.4
916,American Tower Corp,2022-05-16,230.03,232.61,1203100,234.89,230.22,228.86
917,Costco,2022-05-16,489.62,496.14,1579700,497.68,494.53,494.53
918,United Health Group,2022-05-16,484.15,485.41,2338800,495.56,489.22,489.22
919,Amazon,2022-05-16,110.35,113.1,74566000,113.99,110.81,110.81
920,Sherwin-Williams,2022-05-16,265.32,270.62,1278700,274.71,271.37,270.74
921,Apple,2022-05-16,144.18,145.55,86643800,147.52,145.54,145.54
922,Marathon Oil Corp,2022-05-16,27.0,27.14,20893000,28.27,27.98,27.9
923,FedEx,2022-05-16,208.35,210.47,1301600,211.94,209.72,208.66
924,FedEx,2022-05-17,213.93,214.47,2927500,222.52,221.5,220.38
925,Amazon,2022-05-17,111.28,113.28,76448000,115.8,115.37,115.37
926,Marathon Oil Corp,2022-05-17,27.96,28.52,17783200,28.64,28.36,28.36
927,Sherwin-Williams,2022-05-17,266.66,275.3,1603800,276.45,269.26,268.64
928,DTE Energy,2022-05-17,128.63,131.1,1895100,131.1,129.61,128.65
929,Netflix,2022-05-17,185.17,189.17,9876700,191.4,190.56,190.56
930,Costco,2022-05-17,480.23,489.16,2602800,493.56,490.47,490.47
931,United Health Group,2022-05-17,488.46,494.0,2289000,494.72,492.53,492.53
932,American Tower Corp,2022-05-17,229.4,233.2,1728500,233.63,233.0,231.62
933,Bank of America,2022-05-17,35.43,35.62,42635600,36.22,35.99,35.78
934,Apple,2022-05-17,146.68,148.86,78336300,149.77,149.24,149.24
935,Bank of America,2022-05-18,34.6,35.62,47396900,35.69,34.88,34.68
936,DTE Energy,2022-05-18,128.0,130.68,2063900,130.68,128.31,127.36
937,Marathon Oil Corp,2022-05-18,26.32,28.52,18139900,28.57,26.77,26.77
938,United Health Group,2022-05-18,468.36,488.26,3240500,489.21,471.38,471.38
939,Costco,2022-05-18,424.55,460.0,9511600,463.86,429.4,429.4
940,FedEx,2022-05-18,202.61,217.22,3721100,218.55,203.57,202.54
941,Apple,2022-05-18,139.9,146.85,109742900,147.36,140.82,140.82
942,Amazon,2022-05-18,106.25,111.44,108380000,112.85,107.11,107.11
943,Netflix,2022-05-18,176.27,186.72,9665600,187.7,177.19,177.19
944,Sherwin-Williams,2022-05-18,258.06,266.4,1526900,267.98,259.66,259.06
945,American Tower Corp,2022-05-18,229.51,232.57,1623800,233.3,230.63,229.26
946,FedEx,2022-05-19,195.54,201.09,2598700,203.17,199.05,198.05
947,Marathon Oil Corp,2022-05-19,25.93,26.01,15499900,27.55,26.88,26.88
948,United Health Group,2022-05-19,463.33,464.32,3813800,481.58,478.55,478.55
949,Netflix,2022-05-19,175.71,178.05,10448500,186.3,183.48,183.48
950,Apple,2022-05-19,136.6,139.88,136095600,141.66,137.35,137.35
951,DTE Energy,2022-05-19,126.8,127.89,1566300,129.37,128.82,127.86
952,Amazon,2022-05-19,106.19,106.28,88142000,110.03,107.32,107.32
953,Costco,2022-05-19,418.72,430.37,5839600,430.53,422.93,422.93
954,Bank of America,2022-05-19,34.25,34.29,47002700,34.84,34.45,34.25
955,Sherwin-Williams,2022-05-19,255.16,257.74,1690300,263.32,259.37,259.37
956,American Tower Corp,2022-05-19,229.21,230.0,1825900,236.19,233.25,231.87
957,Costco,2022-05-20,406.51,428.8,5115000,428.85,416.43,416.43
958,Sherwin-Williams,2022-05-20,250.18,260.51,2576100,262.31,257.95,257.95
959,Marathon Oil Corp,2022-05-20,26.56,27.29,19141200,28.06,27.26,27.26
960,Bank of America,2022-05-20,32.96,34.8,62406500,34.98,33.86,33.67
961,FedEx,2022-05-20,195.43,201.96,2253900,201.96,200.9,199.89
962,DTE Energy,2022-05-20,127.08,129.35,1698000,129.39,128.72,127.76
963,Apple,2022-05-20,132.61,139.09,137426100,140.7,137.59,137.59
964,Netflix,2022-05-20,179.77,185.87,10429400,190.19,186.35,186.35
965,American Tower Corp,2022-05-20,234.31,235.45,2853900,245.17,244.28,242.83
966,Amazon,2022-05-20,105.01,109.57,99500000,109.9,107.59,107.59
967,United Health Group,2022-05-20,472.31,481.38,3068200,487.47,485.73,485.73
968,Costco,2022-05-23,416.67,420.0,3687200,430.0,429.48,429.48
969,Marathon Oil Corp,2022-05-23,27.19,27.47,17317900,28.33,28.13,28.13
970,United Health Group,2022-05-23,486.29,486.29,2279800,495.74,492.08,492.08
971,Bank of America,2022-05-23,34.66,34.76,69081900,36.26,35.87,35.66
972,Netflix,2022-05-23,177.89,186.15,9602000,187.66,187.44,187.44
973,Apple,2022-05-23,137.65,137.79,117726300,143.26,143.11,143.11
974,DTE Energy,2022-05-23,128.97,131.27,1438500,131.27,130.79,129.82
975,Amazon,2022-05-23,103.95,108.46,107798000,108.82,107.56,107.56
976,Sherwin-Williams,2022-05-23,257.37,260.61,1290300,261.8,259.27,259.27
977,FedEx,2022-05-23,200.64,202.19,1696200,206.97,204.69,203.66
978,American Tower Corp,2022-05-23,243.54,245.59,1697400,249.72,249.42,247.94
979,Sherwin-Williams,2022-05-24,254.2,259.39,1450700,260.02,257.65,257.65
980,Marathon Oil Corp,2022-05-24,27.37,27.85,13383500,28.56,28.08,28.08
981,DTE Energy,2022-05-24,130.77,131.06,1075100,134.6,134.14,133.14
982,American Tower Corp,2022-05-24,248.69,249.49,2174400,259.31,258.52,256.99
983,Netflix,2022-05-24,177.17,182.0,7706400,184.0,180.34,180.34
984,FedEx,2022-05-24,197.28,202.65,1929700,206.0,205.25,204.22
985,Bank of America,2022-05-24,34.96,35.47,46146700,35.96,35.65,35.45
986,Apple,2022-05-24,137.33,140.81,104132700,141.97,140.36,140.36
987,Costco,2022-05-24,424.35,424.8,3473400,438.73,437.71,437.71
988,Amazon,2022-05-24,101.26,104.03,102934000,105.4,104.1,104.1
989,United Health Group,2022-05-24,488.66,490.79,2658100,498.08,497.56,497.56
990,DTE Energy,2022-05-25,132.32,134.32,1282100,134.7,133.02,132.03
991,United Health Group,2022-05-25,491.26,498.52,3161600,502.31,498.09,498.09
992,American Tower Corp,2022-05-25,252.58,256.79,2392900,261.19,260.29,258.75
993,Sherwin-Williams,2022-05-25,255.76,257.21,1420800,265.46,265.12,265.12
994,FedEx,2022-05-25,198.82,202.73,2197300,205.45,204.31,203.28
995,Amazon,2022-05-25,103.65,103.66,93120000,108.18,106.78,106.78
996,Costco,2022-05-25,430.83,436.33,3225100,443.26,440.11,440.11
997,Marathon Oil Corp,2022-05-25,28.25,28.26,19351500,29.24,29.01,29.01
998,Netflix,2022-05-25,180.17,180.28,8522100,188.87,187.83,187.83
999,Bank of America,2022-05-25,35.29,35.5,49343400,36.27,35.84,35.63
1000,Apple,2022-05-25,138.34,138.43,92482700,141.79,140.52,140.52
1001,United Health Group,2022-05-26,499.41,501.74,2705800,507.26,502.23,502.23
1002,Sherwin-Williams,2022-05-26,266.4,270.27,1363900,274.27,271.97,271.97
1003,Netflix,2022-05-26,183.09,186.49,8049900,192.34,191.4,191.4
1004,Apple,2022-05-26,137.14,137.39,90601500,144.34,143.78,143.78
1005,Amazon,2022-05-26,107.45,107.97,93002000,112.67,111.08,111.08
1006,DTE Energy,2022-05-26,133.03,133.83,701400,134.81,133.19,132.2
1007,Bank of America,2022-05-26,36.34,36.5,60201200,36.84,36.67,36.46
1008,FedEx,2022-05-26,206.81,207.26,1764200,213.6,212.29,211.22
1009,American Tower Corp,2022-05-26,253.96,260.72,1487200,262.27,254.69,253.18
1010,Marathon Oil Corp,2022-05-26,29.36,29.4,24211700,30.4,29.75,29.75
1011,Costco,2022-05-26,447.51,449.1,5917600,468.05,464.99,464.99
1012,Sherwin-Williams,2022-05-27,272.51,274.1,1180100,276.38,276.35,276.35
1013,Costco,2022-05-27,455.12,456.8,5719600,474.88,470.76,470.76
1014,Bank of America,2022-05-27,36.58,36.89,43365600,37.05,37.02,36.81
1015,Amazon,2022-05-27,112.63,113.55,93660000,115.19,115.15,115.15
1016,Apple,2022-05-27,145.26,145.39,90978500,149.68,149.64,149.64
1017,Netflix,2022-05-27,190.37,193.19,8586000,195.25,195.19,195.19
1018,DTE Energy,2022-05-27,132.57,132.76,932200,134.34,134.3,133.3
1019,United Health Group,2022-05-27,489.39,491.0,3349100,507.11,507.11,507.11
1020,FedEx,2022-05-27,212.89,212.89,2146600,220.1,219.67,218.56
1021,Marathon Oil Corp,2022-05-27,29.44,29.8,20068100,31.08,31.07,31.07
1022,American Tower Corp,2022-05-27,254.83,256.52,1786300,262.56,260.96,259.41
1023,Bank of America,2022-05-31,36.61,36.82,71609200,37.53,37.2,36.99
1024,Amazon,2022-05-31,115.68,116.28,144634000,121.99,120.21,120.21
1025,Netflix,2022-05-31,190.8,196.18,11398500,199.95,197.44,197.44
1026,United Health Group,2022-05-31,495.66,503.62,4003100,504.11,496.78,496.78
1027,Sherwin-Williams,2022-05-31,265.0,272.71,4118300,272.71,268.04,268.04
1028,American Tower Corp,2022-05-31,255.23,257.76,2829600,259.04,256.13,254.61
1029,Apple,2022-05-31,146.84,149.07,103718400,150.66,148.84,148.84
1030,DTE Energy,2022-05-31,131.8,133.06,1166600,133.76,132.71,131.72
1031,Costco,2022-05-31,458.03,470.76,4424500,470.8,466.22,466.22
1032,Marathon Oil Corp,2022-05-31,31.17,32.4,78224400,33.24,31.43,31.43
1033,FedEx,2022-05-31,215.17,217.78,3063800,225.91,224.58,223.45
1034,American Tower Corp,2022-06-01,250.85,256.13,1418000,256.13,252.56,251.06
1035,Netflix,2022-06-01,191.66,198.7,8416200,202.74,192.91,192.91
1036,Sherwin-Williams,2022-06-01,263.43,270.12,1202100,270.12,265.26,265.26
1037,United Health Group,2022-06-01,487.78,498.32,1765900,501.38,492.55,492.55
1038,Marathon Oil Corp,2022-06-01,30.88,31.86,23025700,32.51,31.38,31.38
1039,Apple,2022-06-01,147.68,149.9,74286600,151.74,148.71,148.71
1040,Costco,2022-06-01,456.7,469.38,2319400,470.5,456.99,456.99
1041,Amazon,2022-06-01,120.62,122.26,127528000,125.18,121.68,121.68
1042,FedEx,2022-06-01,216.26,225.0,1987300,226.33,218.67,217.57
1043,DTE Energy,2022-06-01,131.4,133.01,904200,133.32,132.56,131.58
1044,Bank of America,2022-06-01,36.17,37.46,35237900,37.47,36.67,36.46
1045,Amazon,2022-06-02,120.04,121.68,100560000,125.61,125.51,125.51
1046,American Tower Corp,2022-06-02,245.68,246.06,2781800,263.19,262.36,260.81
1047,DTE Energy,2022-06-02,130.58,132.82,553300,133.01,132.79,131.8
1048,Sherwin-Williams,2022-06-02,265.07,266.55,2271600,269.77,269.49,269.49
1049,Netflix,2022-06-02,191.72,192.02,9623100,205.47,205.09,205.09
1050,Apple,2022-06-02,146.86,147.83,72348100,151.27,151.21,151.21
1051,FedEx,2022-06-02,218.25,218.59,1642100,224.41,221.52,220.4
1052,Bank of America,2022-06-02,36.07,36.41,35341900,36.71,36.7,36.7
1053,Costco,2022-06-02,457.88,460.9,4950600,491.13,487.61,487.61
1054,United Health Group,2022-06-02,482.97,494.0,2093500,496.15,492.26,492.26
1055,Marathon Oil Corp,2022-06-02,30.77,30.95,17038700,31.68,31.2,31.2
1056,Marathon Oil Corp,2022-06-03,31.14,31.36,13736900,31.93,31.68,31.68
1057,Netflix,2022-06-03,198.05,200.14,7191800,202.95,198.98,198.98
1058,DTE Energy,2022-06-03,131.82,132.54,421100,133.0,132.09,131.11
1059,FedEx,2022-06-03,217.74,219.89,1379600,221.27,218.7,217.6
1060,American Tower Corp,2022-06-03,260.75,261.82,7332200,269.5,266.73,265.15
1061,United Health Group,2022-06-03,484.9,488.33,1756900,491.67,485.61,485.61
1062,Bank of America,2022-06-03,36.13,36.48,25222100,36.68,36.19,36.19
1063,Amazon,2022-06-03,121.05,124.2,97604000,124.4,122.35,122.35
1064,Sherwin-Williams,2022-06-03,266.41,266.8,1395800,273.43,268.88,268.88
1065,Apple,2022-06-03,144.46,146.9,88471400,147.97,145.38,145.38
1066,Costco,2022-06-03,475.59,485.03,2854900,488.15,476.25,476.25
1067,Bank of America,2022-06-06,36.1,36.7,40394000,37.21,36.15,36.15
1068,Marathon Oil Corp,2022-06-06,30.96,31.66,16746900,32.09,31.41,31.41
1069,American Tower Corp,2022-06-06,266.17,269.79,4197100,271.09,267.36,265.78
1070,FedEx,2022-06-06,219.95,221.0,1562900,225.15,222.85,221.73
1071,DTE Energy,2022-06-06,131.75,132.32,604400,133.33,132.57,131.59
1072,Sherwin-Williams,2022-06-06,268.18,268.99,1220000,275.89,275.03,275.03
1073,Amazon,2022-06-06,123.81,125.25,135269000,128.99,124.79,124.79
1074,Netflix,2022-06-06,195.38,202.09,5372000,203.87,197.14,197.14
1075,Apple,2022-06-06,144.9,147.03,71598400,148.57,146.14,146.14
1076,United Health Group,2022-06-06,486.29,489.43,1781500,493.63,490.18,490.18
1077,Costco,2022-06-06,468.91,480.5,2297000,481.0,472.47,472.47
1078,Amazon,2022-06-07,120.63,122.01,85156700,124.1,123.0,123.0
1079,Netflix,2022-06-07,193.0,194.87,4839500,199.6,198.61,198.61
1080,American Tower Corp,2022-06-07,259.16,266.18,2135100,266.99,266.15,264.57
1081,Marathon Oil Corp,2022-06-07,31.23,31.35,12018500,32.28,32.17,32.17
1082,United Health Group,2022-06-07,487.12,489.5,2341900,497.61,497.1,497.1
1083,Apple,2022-06-07,144.1,144.35,67808200,149.0,148.71,148.71
1084,Costco,2022-06-07,459.59,459.91,2435500,473.73,471.78,471.78
1085,Bank of America,2022-06-07,35.74,35.9,29152200,36.41,36.35,36.35
1086,DTE Energy,2022-06-07,131.74,132.21,891300,134.28,134.05,133.05
1087,FedEx,2022-06-07,216.59,218.93,1115100,221.97,221.37,220.25
1088,Sherwin-Williams,2022-06-07,271.45,272.13,1293200,278.31,277.23,277.23
1089,DTE Energy,2022-06-08,131.3,133.34,653300,133.47,131.4,130.42
1090,American Tower Corp,2022-06-08,263.32,265.64,1550400,269.04,264.46,262.89
1091,Bank of America,2022-06-08,35.52,35.92,33590600,36.11,35.89,35.89
1092,Marathon Oil Corp,2022-06-08,31.71,32.3,12184400,32.44,31.93,31.93
1093,Apple,2022-06-08,147.46,148.58,53950200,149.87,147.96,147.96
1094,Amazon,2022-06-08,120.75,122.61,64926600,123.75,121.18,121.18
1095,Netflix,2022-06-08,197.64,197.95,7244100,207.38,202.83,202.83
1096,Sherwin-Williams,2022-06-08,266.93,275.02,1154600,275.77,268.08,268.08
1097,Costco,2022-06-08,466.89,471.78,1697000,474.43,467.99,467.99
1098,FedEx,2022-06-08,215.73,217.88,1556300,220.53,217.17,216.08
1099,United Health Group,2022-06-08,488.55,494.0,3268100,497.9,493.53,493.53
1100,Marathon Oil Corp,2022-06-09,31.22,31.62,15471200,31.95,31.25,31.25
1101,Apple,2022-06-09,142.53,147.08,69473000,147.95,142.64,142.64
1102,Amazon,2022-06-09,116.1,119.99,67029800,121.3,116.15,116.15
1103,FedEx,2022-06-09,215.4,217.2,1846500,221.36,217.0,215.91
1104,DTE Energy,2022-06-09,128.37,131.4,744600,131.93,128.44,127.49
1105,Bank of America,2022-06-09,34.5,35.74,49419000,35.84,34.51,34.51
1106,United Health Group,2022-06-09,487.61,492.88,3148800,496.46,489.43,489.43
1107,Sherwin-Williams,2022-06-09,261.87,267.3,1593100,273.85,261.99,261.99
1108,American Tower Corp,2022-06-09,260.02,261.17,2050700,267.73,260.2,258.66
1109,Netflix,2022-06-09,192.54,200.65,6949000,201.69,192.77,192.77
1110,Costco,2022-06-09,467.15,467.34,3087500,484.24,472.05,472.05
1111,American Tower Corp,2022-06-10,250.11,257.01,2188200,257.84,251.01,249.52
1112,Marathon Oil Corp,2022-06-10,29.91,30.68,16596400,31.33,30.29,30.29
1113,Bank of America,2022-06-10,33.02,33.68,49318200,34.04,33.17,33.17
1114,Amazon,2022-06-10,109.05,113.42,87266000,114.5,109.65,109.65
1115,FedEx,2022-06-10,206.63,214.14,2263300,215.12,206.77,205.73
1116,DTE Energy,2022-06-10,126.53,127.09,725700,128.69,127.5,126.55
1117,Sherwin-Williams,2022-06-10,247.22,258.13,1513800,258.3,247.42,247.42
1118,United Health Group,2022-06-10,480.93,484.8,2599900,490.16,484.63,484.63
1119,Apple,2022-06-10,137.06,140.28,91437900,140.76,137.13,137.13
1120,Netflix,2022-06-10,180.85,182.64,13065600,185.86,182.94,182.94
1121,Costco,2022-06-10,457.76,465.0,2549900,468.19,463.31,463.31
1122,American Tower Corp,2022-06-13,238.97,245.0,2272900,247.15,240.03,238.61
1123,FedEx,2022-06-13,198.42,201.5,1983000,205.05,200.98,199.97
1124,DTE Energy,2022-06-13,121.49,125.99,916400,126.46,122.01,121.1
1125,Sherwin-Williams,2022-06-13,236.63,241.45,1635600,245.25,237.86,237.86
1126,Bank of America,2022-06-13,31.74,32.39,61216600,32.77,32.02,32.02
1127,Amazon,2022-06-13,101.86,104.19,99277700,106.54,103.67,103.67
1128,Marathon Oil Corp,2022-06-13,27.55,29.2,21767400,29.25,28.39,28.39
1129,Apple,2022-06-13,131.44,132.87,122207100,135.2,131.88,131.88
1130,United Health Group,2022-06-13,467.26,475.13,3764600,481.34,469.7,469.7
1131,Costco,2022-06-13,448.9,450.0,3113400,458.64,452.25,452.25
1132,Netflix,2022-06-13,168.96,177.07,10222400,179.09,169.69,169.69
1133,Costco,2022-06-14,450.28,452.25,2224600,458.76,454.8,454.8
1134,FedEx,2022-06-14,219.58,220.4,13008700,232.29,229.95,228.79
1135,Netflix,2022-06-14,164.28,169.75,11555300,172.06,167.54,167.54
1136,DTE Energy,2022-06-14,117.38,122.17,1342700,122.54,119.11,118.23
1137,United Health Group,2022-06-14,457.42,467.5,3814200,469.18,461.75,461.75
1138,Amazon,2022-06-14,101.43,104.19,69728800,104.88,102.31,102.31
1139,American Tower Corp,2022-06-14,232.66,239.18,2584900,240.48,234.49,233.1
1140,Sherwin-Williams,2022-06-14,226.94,236.92,1539000,239.2,229.48,229.48
1141,Bank of America,2022-06-14,31.23,31.92,49349800,32.6,31.46,31.46
1142,Apple,2022-06-14,131.48,133.13,84784300,133.89,132.76,132.76
1143,Marathon Oil Corp,2022-06-14,28.34,29.33,23432500,30.12,28.79,28.79
1144,Netflix,2022-06-15,168.53,169.26,12396000,183.85,180.11,180.11
1145,Costco,2022-06-15,451.39,458.5,2250200,464.36,458.79,458.79
1146,Apple,2022-06-15,132.16,134.29,91533000,137.34,135.43,135.43
1147,Amazon,2022-06-15,103.53,103.86,85011100,109.06,107.67,107.67
1148,Marathon Oil Corp,2022-06-15,27.42,28.55,23441000,28.91,28.07,28.07
1149,American Tower Corp,2022-06-15,235.01,235.4,2076700,244.5,241.4,239.97
1150,Sherwin-Williams,2022-06-15,224.4,231.72,1580200,233.51,228.99,228.99
1151,FedEx,2022-06-15,229.35,230.75,5035800,239.21,232.78,231.61
1152,United Health Group,2022-06-15,456.5,464.2,2550700,469.02,464.33,464.33
1153,Bank of America,2022-06-15,31.42,31.98,51540100,32.49,32.05,32.05
1154,DTE Energy,2022-06-15,117.92,119.98,1258700,120.85,119.21,118.32
1155,DTE Energy,2022-06-16,114.95,116.87,1534200,116.89,116.61,116.61
1156,FedEx,2022-06-16,223.41,226.36,3063700,227.42,225.31,224.17
1157,Marathon Oil Corp,2022-06-16,25.33,26.88,29757000,27.22,25.66,25.66
1158,Bank of America,2022-06-16,30.86,31.5,61363400,32.0,31.85,31.85
1159,Netflix,2022-06-16,171.56,174.0,8201300,176.27,173.35,173.35
1160,United Health Group,2022-06-16,450.68,453.4,3135600,457.81,456.09,456.09
1161,Costco,2022-06-16,447.97,450.31,2906600,457.77,451.76,451.76
1162,Amazon,2022-06-16,102.01,104.47,82186300,104.58,103.66,103.66
1163,American Tower Corp,2022-06-16,232.31,234.78,1668500,236.99,234.18,234.18
1164,Sherwin-Williams,2022-06-16,216.12,223.29,1553000,223.82,218.95,218.95
1165,Apple,2022-06-16,129.04,132.08,108123900,132.39,130.06,130.06
1166,Costco,2022-06-17,443.2,451.05,3609700,455.69,446.69,446.69
1167,Sherwin-Williams,2022-06-17,214.22,218.56,2627900,226.28,222.79,222.79
1168,Amazon,2022-06-17,102.51,102.8,99772100,106.98,106.22,106.22
1169,Netflix,2022-06-17,173.34,173.63,12133400,179.65,175.51,175.51
1170,American Tower Corp,2022-06-17,232.12,233.7,4291800,238.27,236.17,236.17
1171,FedEx,2022-06-17,222.86,224.1,5287600,231.43,229.9,228.74
1172,DTE Energy,2022-06-17,114.25,117.48,2224700,117.49,115.72,115.72
1173,Marathon Oil Corp,2022-06-17,23.32,25.39,57901200,25.53,24.15,24.15
1174,United Health Group,2022-06-17,449.7,450.75,5277400,461.46,452.06,452.06
1175,Apple,2022-06-17,129.81,130.07,134118500,133.08,131.56,131.56
1176,Bank of America,2022-06-17,31.64,32.03,80134300,32.58,31.92,31.92
1177,Marathon Oil Corp,2022-06-21,24.66,24.98,28692600,25.69,24.9,24.9
1178,Bank of America,2022-06-21,32.62,32.89,53537200,33.29,32.85,32.85
1179,American Tower Corp,2022-06-21,241.89,242.0,2502000,248.54,246.85,246.85
1180,Netflix,2022-06-21,169.8,177.6,12177600,178.62,170.91,170.91
1181,Apple,2022-06-21,133.32,133.42,81000500,137.06,135.87,135.87
1182,FedEx,2022-06-21,228.86,234.15,2342200,236.5,230.52,229.36
1183,DTE Energy,2022-06-21,115.76,116.04,1129500,117.77,117.14,117.14
1184,United Health Group,2022-06-21,457.1,457.81,5726800,485.12,480.32,480.32
1185,Amazon,2022-06-21,103.56,108.2,70901200,111.63,108.68,108.68
1186,Sherwin-Williams,2022-06-21,217.23,221.7,2509400,224.16,220.15,220.15
1187,Costco,2022-06-21,449.14,450.55,2420600,464.82,463.11,463.11
1188,Costco,2022-06-22,458.5,459.39,1827500,464.72,459.96,459.96
1189,Bank of America,2022-06-22,32.32,32.39,38305600,32.94,32.6,32.6
1190,Sherwin-Williams,2022-06-22,215.01,215.13,2370500,223.55,221.2,221.2
1191,American Tower Corp,2022-06-22,242.25,242.32,3130200,258.82,252.01,252.01
1192,Amazon,2022-06-22,107.02,107.43,60040100,112.13,108.95,108.95
1193,Marathon Oil Corp,2022-06-22,22.72,23.13,29323400,23.97,23.1,23.1
1194,DTE Energy,2022-06-22,116.21,116.21,1077600,118.46,117.9,117.9
1195,United Health Group,2022-06-22,474.54,475.72,5061000,495.92,489.68,489.68
1196,Netflix,2022-06-22,170.2,170.75,11992400,182.82,178.89,178.89
1197,Apple,2022-06-22,133.91,134.79,73409200,137.76,135.35,135.35
1198,FedEx,2022-06-22,227.14,227.15,2033600,231.75,229.02,227.87
1199,Amazon,2022-06-23,107.93,110.39,64345300,113.0,112.44,112.44
1200,FedEx,2022-06-23,224.36,229.5,4305100,230.25,228.13,226.98
1201,Bank of America,2022-06-23,31.26,32.38,44091500,32.41,32.08,32.08
1202,Sherwin-Williams,2022-06-23,220.49,222.06,2481900,225.32,224.89,224.89
1203,Netflix,2022-06-23,175.87,180.5,9538200,182.76,181.71,181.71
1204,DTE Energy,2022-06-23,118.21,118.44,1135400,120.41,120.37,120.37
1205,Costco,2022-06-23,465.71,466.37,2030100,476.28,475.0,475.0
1206,Apple,2022-06-23,135.63,136.82,72433800,138.59,138.27,138.27
1207,American Tower Corp,2022-06-23,252.73,253.06,2553100,259.8,258.31,258.31
1208,United Health Group,2022-06-23,491.96,494.95,4687700,503.58,499.81,499.81
1209,Marathon Oil Corp,2022-06-23,21.71,23.28,27533100,23.39,22.02,22.02
1210,DTE Energy,2022-06-24,120.63,120.63,1057900,123.47,122.91,122.91
1211,American Tower Corp,2022-06-24,256.58,260.76,3131500,262.13,261.65,261.65
1212,Netflix,2022-06-24,181.84,183.5,12424000,191.19,190.85,190.85
1213,Marathon Oil Corp,2022-06-24,21.77,22.34,33964100,22.9,22.05,22.05
1214,Sherwin-Williams,2022-06-24,226.0,227.0,2744300,231.66,231.25,231.25
1215,Costco,2022-06-24,476.68,480.0,2862600,484.83,484.37,484.37
1216,FedEx,2022-06-24,236.34,237.02,8395200,248.76,243.24,243.24
1217,Bank of America,2022-06-24,31.23,31.25,79504700,32.77,32.31,32.31
1218,Amazon,2022-06-24,111.43,112.38,69867600,116.71,116.46,116.46
1219,United Health Group,2022-06-24,486.56,499.44,15861100,499.76,495.64,495.64
1220,Apple,2022-06-24,139.77,139.9,89116800,141.91,141.66,141.66
1221,Bank of America,2022-06-27,31.91,32.42,47900300,32.6,32.35,32.35
1222,Sherwin-Williams,2022-06-27,226.18,230.36,1633400,231.21,227.16,227.16
1223,United Health Group,2022-06-27,492.58,492.83,3907100,511.89,505.66,505.66
1224,Amazon,2022-06-27,112.7,117.09,62133200,117.98,113.22,113.22
1225,FedEx,2022-06-27,240.2,246.94,2536800,247.93,240.47,240.47
1226,American Tower Corp,2022-06-27,258.14,262.23,2018900,264.09,259.33,259.33
1227,Netflix,2022-06-27,182.39,191.77,8363900,191.78,189.14,189.14
1228,Marathon Oil Corp,2022-06-27,22.27,22.38,18754600,23.35,23.12,23.12
1229,Apple,2022-06-27,140.97,142.7,70207900,143.49,141.66,141.66
1230,Costco,2022-06-27,477.35,485.81,2034700,487.24,481.75,481.75
1231,DTE Energy,2022-06-27,122.3,122.56,712600,124.64,124.35,124.35
1232,Amazon,2022-06-28,107.04,113.5,74942900,114.85,107.4,107.4
1233,FedEx,2022-06-28,239.62,244.0,2587800,248.15,240.09,240.09
1234,Apple,2022-06-28,137.32,142.13,67083400,143.42,137.44,137.44
1235,United Health Group,2022-06-28,505.08,512.08,4978200,518.61,508.44,508.44
1236,Bank of America,2022-06-28,32.19,32.83,49863800,33.5,32.26,32.26
1237,Sherwin-Williams,2022-06-28,222.81,229.09,1143300,231.37,223.31,223.31
1238,Costco,2022-06-28,467.89,483.5,1754600,487.24,468.61,468.61
1239,Marathon Oil Corp,2022-06-28,23.58,23.92,23942700,24.54,24.13,24.13
1240,Netflix,2022-06-28,179.37,189.2,7185400,192.2,179.6,179.6
1241,American Tower Corp,2022-06-28,252.12,260.0,1601700,260.48,252.93,252.93
1242,DTE Energy,2022-06-28,124.6,125.11,852600,126.18,125.23,125.23
1243,Amazon,2022-06-29,106.91,107.38,66375300,110.99,108.92,108.92
1244,Apple,2022-06-29,136.67,137.46,66242400,140.67,139.23,139.23
1245,FedEx,2022-06-29,226.7,241.0,3736800,242.0,233.81,233.81
1246,United Health Group,2022-06-29,506.01,508.85,3823400,518.7,515.71,515.71
1247,American Tower Corp,2022-06-29,247.15,250.03,1863700,253.93,253.16,253.16
1248,Marathon Oil Corp,2022-06-29,22.64,24.46,18997800,24.61,22.79,22.79
1249,Netflix,2022-06-29,175.1,179.55,5766800,180.67,178.36,178.36
1250,DTE Energy,2022-06-29,125.18,125.57,799100,126.4,126.05,126.05
1251,Sherwin-Williams,2022-06-29,221.09,222.32,1266800,226.32,225.41,225.41
1252,Bank of America,2022-06-29,31.66,32.23,35149700,32.44,31.86,31.86
1253,Costco,2022-06-29,466.42,470.95,1275600,472.97,469.84,469.84
1254,DTE Energy,2022-06-30,125.06,125.43,1222100,127.28,126.75,126.75
1255,American Tower Corp,2022-06-30,250.21,251.61,1938100,257.71,255.59,255.59
1256,Costco,2022-06-30,464.72,468.3,3852400,482.09,479.28,479.28
1257,Amazon,2022-06-30,102.52,108.11,97679400,108.18,106.21,106.21
1258,Bank of America,2022-06-30,30.64,31.17,46312300,31.55,31.13,31.13
1259,FedEx,2022-06-30,222.98,229.64,3676800,230.91,226.71,226.71
1260,Sherwin-Williams,2022-06-30,218.61,224.0,1548400,225.6,223.91,223.91
1261,United Health Group,2022-06-30,509.72,513.55,3568900,516.32,513.63,513.63
1262,Netflix,2022-06-30,170.3,177.07,7894700,179.45,174.87,174.87
1263,Apple,2022-06-30,133.77,137.25,98964500,138.37,136.72,136.72
1264,Marathon Oil Corp,2022-06-30,22.08,22.13,18265500,23.07,22.48,22.48
1265,Costco,2022-07-01,478.0,481.18,2659800,491.25,485.76,485.76
1266,Amazon,2022-07-01,105.85,106.29,72952000,109.75,109.56,109.56
1267,Marathon Oil Corp,2022-07-01,21.62,22.85,14027600,22.98,22.55,22.55
1268,Sherwin-Williams,2022-07-01,224.38,225.0,2295800,235.49,235.23,235.23
1269,United Health Group,2022-07-01,502.31,512.32,2426000,517.53,517.4,517.4
1270,Bank of America,2022-07-01,30.63,30.98,40208500,31.67,31.56,31.56
1271,American Tower Corp,2022-07-01,252.44,254.53,1363200,259.04,258.4,258.4
1272,FedEx,2022-07-01,217.71,222.59,2590600,224.59,223.61,223.61
1273,Netflix,2022-07-01,174.27,176.49,5194700,180.1,179.95,179.95
1274,Apple,2022-07-01,135.66,136.04,71007500,139.04,138.93,138.93
1275,DTE Energy,2022-07-01,126.47,127.32,1005700,129.37,129.16,129.16
1276,DTE Energy,2022-07-05,122.5,128.7,827800,128.7,124.19,124.19
1277,United Health Group,2022-07-05,492.25,507.64,3029600,511.0,505.24,505.24
1278,Apple,2022-07-05,136.93,137.77,73353800,141.61,141.56,141.56
1279,Netflix,2022-07-05,172.68,176.28,7334300,185.92,185.88,185.88
1280,Bank of America,2022-07-05,30.45,30.8,47411800,31.24,31.24,31.24
1281,Sherwin-Williams,2022-07-05,230.97,233.0,2331100,242.66,242.23,242.23
1282,Amazon,2022-07-05,106.32,107.6,76583700,114.08,113.5,113.5
1283,Marathon Oil Corp,2022-07-05,20.67,21.93,23551200,21.99,21.13,21.13
1284,Costco,2022-07-05,478.46,485.56,2489400,490.9,488.26,488.26
1285,FedEx,2022-07-05,218.72,220.6,2862700,230.97,229.61,229.61
1286,American Tower Corp,2022-07-05,249.63,255.49,1321600,256.06,255.94,255.94
1287,Costco,2022-07-06,487.78,488.26,2262300,497.02,492.65,492.65
1288,United Health Group,2022-07-06,504.3,505.64,2506700,517.41,515.29,515.29
1289,DTE Energy,2022-07-06,123.99,124.77,915800,126.68,126.16,126.16
1290,Bank of America,2022-07-06,30.64,31.01,35933700,31.25,30.98,30.98
1291,Amazon,2022-07-06,112.01,113.21,66958900,115.48,114.33,114.33
1292,Marathon Oil Corp,2022-07-06,19.81,20.81,21997900,21.54,20.68,20.68
1293,American Tower Corp,2022-07-06,256.7,257.96,1170900,260.58,258.23,258.23
1294,FedEx,2022-07-06,225.01,227.94,1674200,230.17,227.72,227.72
1295,Apple,2022-07-06,141.08,141.35,74064300,144.12,142.92,142.92
1296,Sherwin-Williams,2022-07-06,240.37,242.84,1817700,247.04,242.74,242.74
1297,Netflix,2022-07-06,180.82,185.2,5753400,186.22,184.06,184.06
1298,Marathon Oil Corp,2022-07-07,21.49,21.53,16075400,22.09,21.83,21.83
1299,FedEx,2022-07-07,225.74,230.19,1626000,231.86,231.35,231.35
1300,Sherwin-Williams,2022-07-07,239.21,240.79,1528300,245.76,239.49,239.49
1301,Bank of America,2022-07-07,31.47,31.5,40137900,32.01,31.86,31.86
1302,United Health Group,2022-07-07,512.23,515.25,2385400,517.3,514.38,514.38
1303,DTE Energy,2022-07-07,124.88,126.46,907000,127.07,125.34,125.34
1304,Amazon,2022-07-07,113.49,113.85,57872300,116.99,116.33,116.33
1305,Costco,2022-07-07,489.22,492.06,2125200,495.53,494.95,494.95
1306,Apple,2022-07-07,143.28,143.29,66253700,146.55,146.35,146.35
1307,American Tower Corp,2022-07-07,255.42,258.5,1089600,260.58,257.18,257.18
1308,Netflix,2022-07-07,183.5,184.27,6334500,190.21,189.27,189.27
1309,Apple,2022-07-08,145.0,145.26,64493200,147.55,147.04,147.04
1310,Costco,2022-07-08,497.0,497.32,2606500,505.52,501.54,501.54
1311,FedEx,2022-07-08,228.0,232.21,1092600,232.93,230.49,230.49
1312,Marathon Oil Corp,2022-07-08,21.36,22.29,11333000,22.41,21.72,21.72
1313,Bank of America,2022-07-08,31.56,32.01,31132500,32.25,31.79,31.79
1314,DTE Energy,2022-07-08,124.26,125.42,582100,125.53,124.85,124.85
1315,Sherwin-Williams,2022-07-08,236.16,238.5,923500,239.66,238.29,238.29
1316,Netflix,2022-07-08,182.75,186.02,5831300,189.91,186.98,186.98
1317,United Health Group,2022-07-08,511.01,512.31,3092100,528.37,518.63,518.63
1318,American Tower Corp,2022-07-08,253.72,255.32,936000,257.88,255.01,255.01
1319,Amazon,2022-07-08,113.69,114.6,45658200,116.58,115.54,115.54
1320,Amazon,2022-07-11,110.88,114.08,22296332,114.3,112.47,112.47
1321,Costco,2022-07-11,494.84,501.12,576697,505.55,500.17,500.17
1322,Netflix,2022-07-11,177.74,184.73,3978434,184.99,179.17,179.17
1323,Bank of America,2022-07-11,31.33,31.55,9483950,31.78,31.41,31.41
1324,United Health Group,2022-07-11,511.81,514.86,1069897,521.47,518.9,518.9
1325,Sherwin-Williams,2022-07-11,236.52,236.24,339964,243.66,242.76,242.76
1326,DTE Energy,2022-07-11,123.71,123.81,257103,125.68,125.52,125.52
1327,American Tower Corp,2022-07-11,252.49,255.0,754729,258.46,258.23,258.23
1328,Apple,2022-07-11,143.78,145.67,20206138,145.85,145.47,145.47
1329,Marathon Oil Corp,2022-07-11,20.89,21.42,8487971,21.66,21.33,21.33
1330,FedEx,2022-07-11,227.58,228.65,438120,231.25,228.02,228.02
